game_id,status,innings_played,exclude_from_standings,home_score,away_score,headline,summary
22505762,2,0,False,0,0,,
22505764,2,0,False,0,0,,
22505765,2,0,False,0,0,,
22505771,1,9,False,6,8,,
22505768,1,9,False,9,6,,
22505769,1,8,False,7,10,,
22505774,1,7,False,8,10,,
22505772,1,6,False,4,3,,
22505773,1,6,False,6,1,,
22505779,1,9,False,5,13,,
22505778,1,9,False,12,11,,
22505777,1,9,False,9,9,,
22505782,1,9,False,9,16,,
22505783,1,9,False,20,14,,
22505781,1,7,False,5,14,,
22511150,1,9,False,12,7,,
22511152,1,9,False,21,10,,
22511151,1,7,False,9,19,,
22511153,1,9,False,9,9,,
22511154,1,7,False,5,17,,
22511155,1,9,False,11,13,,
22511156,1,8,False,2,15,,
22511159,1,9,False,11,5,,
22511157,1,8,False,13,15,,
22511160,1,7,False,9,20,,
22511161,1,9,False,7,11,,
22511162,1,9,False,24,5,,
22511165,1,6,False,12,19,,
22504901,1,9,False,4,16,,
22511164,1,8,False,18,18,,
22511168,1,7,False,11,2,,
22511166,1,5,False,12,11,,
22511167,1,6,False,11,15,,
22511170,1,9,False,20,14,,
22511169,1,9,False,10,6,,
22511171,1,9,False,13,11,,
22511179,1,0,False,10,21,,
22511175,1,8,False,8,20,,
22511177,1,9,False,9,16,,
22511185,1,9,False,7,8,,Notes:  Jim B on loan from Indians for this game
22511184,1,8,False,6,17,,
22511186,1,9,False,20,8,,
22511189,1,7,False,4,13,,
22511188,1,9,False,12,13,,
22511187,1,8,False,9,10,,
22511192,1,9,False,4,4,,
22511190,1,9,False,14,13,,
22511191,1,9,False,10,13,,
22877710,0,9,False,0,0,,
22877712,0,9,False,0,0,,
22877713,0,9,False,0,0,,
22877714,0,9,False,0,0,,
23860598,0,9,False,0,0,,
23860599,0,9,False,0,0,,
23860597,1,0,False,0,0,,
22877814,1,6,True,10,13,,
22877813,1,9,True,10,9,,
23732814,1,9,True,22,9,,
23732821,1,9,True,5,14,,
23732820,1,11,False,7,6,,
23732832,1,9,False,13,7,,
23628511,1,8,False,10,21,,
23628510,1,9,False,7,9,,
23628509,1,9,False,9,8,,
23628512,1,9,False,12,3,,
23628542,4,0,False,0,0,,
23628543,4,0,False,0,0,,
23628544,4,0,False,0,0,,
23628545,4,0,False,0,0,,
23628551,4,0,False,0,0,,
23628550,4,0,False,0,0,,
23628552,4,0,False,0,0,,
23628549,4,0,False,0,0,,
23628571,4,0,False,0,0,,
23628573,4,0,False,0,0,,
23628572,4,0,False,0,0,,
23628570,4,0,False,0,0,,
23628579,1,7,False,9,19,,
23628578,1,8,False,5,3,,
23628580,1,7,False,14,6,,
23628577,1,9,False,17,9,,
23628597,1,8,False,7,18,,
23628596,1,8,False,7,8,,
23628594,1,6,False,7,22,,
23628595,1,8,False,18,11,,
23628606,1,7,False,6,8,,Game called mid-8th inning due to lightning.  Reverted to 7 inning game
23628605,1,6,False,2,7,,Called in the 7th due to rain and reverted to 6th inning for stats
23628607,1,0,False,4,9,,
23628608,1,7,False,3,4,,Game called in 8th due to lightning reverted to score/stats at end of 7th
23628618,1,9,False,12,11,,
23628619,1,9,False,6,3,,
23628616,1,8,False,9,6,,
23628617,1,0,False,7,13,,
23628623,1,8,False,11,10,,
23628625,1,7,False,2,12,,
23628622,1,8,False,13,12,,
23628624,1,9,False,6,8,,
23628629,1,8,False,18,7,,
23628632,1,7,False,18,9,,
23628630,1,7,False,6,5,,Steve McClure (Yankees) played for Blue Jays. The Blue Jays defaulted due to not enough players in the 6th inning. win awarded to Yankees by 1 run as game went to the seventh
23628631,1,9,False,12,11,,
23628669,1,8,False,8,12,,
23628670,1,7,False,17,11,,Mark Novosel (A's) played for the Mariners
23628671,1,7,False,2,24,,Mark Novosel (A's) played for the Mariners
23628668,1,0,False,4,9,,
23628683,1,7,False,12,18,,Danny McNichol (A's) played for the Reds
23628682,1,8,False,5,8,,
23628684,1,0,False,17,6,,
23628681,1,9,False,13,9,,
23628691,1,9,False,18,7,,
23628692,1,9,False,14,7,,Aaron Addison played for Blue Jays
23628693,1,9,False,2,29,,
23628694,1,9,False,23,9,,
23628710,1,5,False,16,15,,
23628709,1,8,False,16,17,,
23628707,1,9,False,17,9,,
23628708,1,9,False,9,7,,
24120433,1,9,False,8,6,,
24120416,1,9,False,12,11,,
24120431,1,9,False,17,14,,
24120432,1,9,False,10,9,,
24270189,0,9,False,0,0,,
24270190,1,9,False,22,9,,
24263954,0,9,False,0,0,,
24263955,1,9,False,22,9,,
24270191,1,9,False,22,6,,
25051844,1,8,False,5,7,,Pete Wiesner played 4 innings for the Giants and batted 10th: 1 for 2 HR hit into FC 1 RBI 1 run scored Ed Bril injured
25051847,1,8,False,12,7,,
25051845,1,9,False,18,15,,
25051846,1,8,False,15,17,,Pete Wiesner played 4 innings for the Giants and batted 10th: 1 for 2 HR hit into FC 1 RBI 1 run scored
25051861,1,7,False,11,16,,
25051860,1,9,False,13,6,,
25051859,1,7,False,15,24,,Marc Trudel played for the Dodgers and batted 7th: 3 AB 1 run 1H BB SAC 3 RBI
25051858,1,9,False,6,5,,
25051870,1,7,False,10,18,,Malcolmson hits Grand Slam in Marlin win Garry David played for the Royals: 3AB HBP 1 H 1 RBI 1 RUN
25051871,1,9,False,11,20,,Wannamaker goes 5 for 5 leads A's to victory
25051868,1,8,False,14,11,,
25051869,1,9,False,13,8,,Garry David played for the Royals: 3AB HBP 1 H 1 RBI 1 RUN
25327960,1,8,False,9,18,,
25327961,1,9,False,24,8,,Malcolmson fules Marlins win with pair of Grand Slams
25327963,1,9,False,11,10,,
25327959,1,8,False,16,6,,
25327945,1,7,False,5,16,,Atchison finishes a triple short of the cycle powers Tigers to win with 6 RBI's
25327943,1,9,False,2,4,,
25327942,1,7,False,13,12,,
25327944,1,8,False,11,17,,
25353313,2,0,False,0,0,,
25353316,2,0,False,0,0,,
25353315,2,0,False,0,0,,
25353314,2,0,False,0,0,,
25353322,1,7,False,12,17,,
25353320,1,7,False,12,11,,
25353323,1,8,False,11,12,,
25353321,1,8,False,29,5,,
25353327,1,9,False,7,9,,Jim Beach played for the Pirates and batted 9th
25353326,1,8,False,9,12,,
25353324,1,9,False,5,9,,
25353325,1,8,False,5,9,,
25353328,2,0,False,0,0,,
25353330,2,0,False,0,0,,
25353329,2,0,False,0,0,,
25353331,2,0,False,0,0,,
25353334,1,8,False,10,19,,
25353337,1,0,False,7,6,,Jeff Klyne walks off with a 2 out 2 run Double! Batted 2nd - Dan Greechan 1AB 2 Runs 1K 3BB 1HBP Batted 5th - Mark Novosel 1AB with a K Batted 10th - Sam Misale 2AB an RBI K 2BB
25353336,1,9,False,2,10,,
25353335,1,8,False,10,7,,
25353339,1,6,False,7,6,,Dennis Gallagher played for the Dodgers and hit 7th 1 for 4 1B 1K 1 ROE
25353340,1,6,False,4,11,,Greg Barr in attendance but injured
25353341,1,6,False,13,1,,Dennis Gallagher played for the Dodgers and hit 7th 1 for 4 1B 1K 1 ROE Graeme left with injury.
25353342,1,6,False,15,6,,
25353343,1,8,False,15,13,,
25353345,1,7,False,8,14,Sunny Day @ Henning Park,Dan C. appears on the score sheet but does not seem to be on the official roster. AB=5 R=1 1B=3 RBI=2
25353344,1,0,False,9,0,,
25353346,1,6,False,14,3,,Wes Puffer 4AB 2SB ROE
25424567,1,7,False,10,18,Dodgers Strike Back!,Dan C. - Called up Ord. - 5 AB - 4 1B - 1 BB - 1 RBI - 3
25424569,1,7,False,8,11,,
25424570,1,9,False,12,7,,
25424568,1,8,False,9,11,,
25547669,1,9,True,17,24,,Royals come back to win first round runfest
25547670,1,8,True,16,5,,Marlins freeze Nationals bats to move onto next round Game played on Mohawk 4
25547672,1,9,True,13,5,,Tigers Jump out to early look and never look back Paul Smelser goes 3 for 4 2 Singles and a double with 4 RBIs!
25547671,1,9,True,11,14,,
25577485,1,9,True,17,7,,
25577484,1,9,True,18,7,Tigers score early and often hold on for decisive WIN!,Geoff Lawson and Marc Trudel combine for 6 hits and 8 RBI's with identical 3 for 4 days 3 Singles and 4 RBI's each! Mike McCluskey goes a perfect 4 for 4 2SB an RBI and 3 Runs!
25603820,1,9,True,7,16,Marlins complete come from behind Victory for Championship!,Ordowich wins game on his own with 5 hits 2Runs 2-1B's 3-2B's and 6RBI's
26479525,1,9,False,9,5,,
26479518,1,7,False,2,12,,
26479517,4,9,False,0,0,,
26480072,1,8,False,14,13,,
26480073,1,8,False,5,21,,
26480074,1,9,False,11,7,,
26480083,1,9,False,11,12,,
26480082,1,9,False,4,14,,
26480081,1,8,False,4,15,,
26480086,1,9,False,16,8,,
26480084,1,9,False,9,10,,
26480085,1,8,False,13,14,,
26480089,1,9,False,11,14,,
26480087,1,9,False,12,0,,
26480088,1,9,False,12,5,,
26480160,1,9,False,25,9,,
26480161,1,8,False,12,13,,
26480159,1,8,False,9,16,,
26480165,1,7,False,10,8,,Thanks to Scott Wayne and Sam for lending their skills to the A's.
26480166,1,8,False,8,18,,Dennis Gallagher played for Nationals
26480164,1,9,False,11,12,,
26480176,1,6,False,19,2,,
26480175,1,8,False,14,10,,
26480174,1,7,False,5,11,,
26480177,1,8,False,13,9,,
26480178,1,7,False,10,18,,Could the team reps for the Tigers and Giants please email davebb1980@gmail.com and/or dbush8181@gmail.com your players #'s?? Thanks
26480179,1,8,False,10,12,,Could the team reps for the Nationals and Dodgers email davebb1980@gmail.com and/or dbush8181@gmail.com the rest of the players #'s that are not entered yet. Thanks
26480180,1,8,False,16,19,,
26480182,1,9,False,11,20,,
26480181,1,9,False,8,6,,
26480184,4,9,False,0,0,,
26480185,4,0,False,0,0,,
26480183,4,0,False,0,0,,
26480199,1,9,False,15,3,,
26480197,1,0,False,5,8,,
26480198,1,7,False,16,10,,
26766205,1,10,False,11,15,,
26766207,1,8,False,24,8,,
26766206,1,9,False,12,5,,
26766211,1,9,False,16,10,,
26766212,1,9,False,6,15,,
26766213,1,9,False,11,4,,
26695752,1,9,False,12,5,NO ROSTERS AVAILABLE?,
26695754,1,8,False,24,8,,
26695753,1,10,False,11,15,,
26754234,1,9,False,16,9,,
26754233,1,9,False,6,15,,
28193137,1,0,False,11,5,,
28193138,1,0,False,9,9,,
28193139,1,0,False,7,6,,
28193141,1,0,False,14,8,,
28193142,1,0,False,4,14,,
28193140,1,0,False,10,12,,
28193143,1,9,False,10,13,,
28193145,1,9,False,14,10,,
28193144,1,9,False,4,8,,
28193146,1,9,False,7,18,,
28193147,1,9,False,20,8,,
28193148,1,9,False,3,9,,
28193150,1,9,False,11,13,,
28193149,1,9,False,12,9,,
28193151,1,9,False,10,3,,
28193152,1,9,False,6,24,,
28193153,1,9,False,11,14,,
28193154,1,9,False,11,5,,
28193155,1,9,False,7,14,,
28193156,1,9,False,5,13,,
28193157,1,9,False,10,9,,
28193158,1,9,False,14,8,,
28193159,1,9,False,4,3,,
28193160,1,9,False,8,1,,
28193161,1,9,False,7,8,,
28193162,1,9,False,12,11,,
28193163,1,9,False,7,13,,
28330768,1,9,False,12,7,,
28330769,1,9,False,19,14,,
28330767,1,9,False,14,8,,
28193166,4,0,False,0,0,,
28193167,4,0,False,0,0,,
28193165,4,0,False,0,0,,
28193169,1,9,False,13,11,,
28193170,1,9,False,9,10,,
28193168,1,0,False,13,6,,
28849516,1,8,False,11,21,,
28849518,1,9,False,14,11,,
28849517,1,8,False,20,12,,
28849522,1,8,False,11,10,,
28849520,1,8,False,8,7,,
28849521,1,9,False,11,10,,
28849524,4,0,False,0,0,,
28849525,4,0,False,0,0,,
28849523,4,0,False,0,0,,
28849527,1,7,False,10,11,,
28849528,1,8,False,9,24,,
28849526,1,9,False,6,14,YAY RBI's have been recorded properly!!!!!,
28849531,1,8,False,6,12,,
28849529,1,8,False,21,14,,
28849530,1,8,False,18,7,,
28849533,1,7,False,8,4,,
28849534,1,8,False,16,30,,
28849532,1,7,False,13,12,,
28849536,1,5,False,5,10,,
29066100,1,5,False,5,5,,
28849537,1,9,False,12,14,,
28849538,1,7,False,18,16,,
28849539,1,8,False,15,15,,
28849541,4,0,False,0,0,,
28849540,4,0,False,0,0,,
28849542,4,0,False,0,0,,
28849543,4,0,False,0,0,,
28849548,1,9,False,8,15,,
28849547,1,8,False,10,11,,
28849546,1,7,False,20,16,,
28849554,1,6,False,6,6,,
28849553,1,5,False,15,3,,
28849555,1,5,False,10,8,,
28849557,1,8,False,14,17,,
28849558,1,8,False,11,7,,
28849559,1,8,False,4,16,,
28849563,1,9,False,14,13,,
28849561,1,8,False,10,28,,
28849562,1,8,False,8,20,,
29113735,1,9,False,12,11,,
29113736,1,9,False,18,11,,
29205715,1,9,False,13,17,,
29205719,1,9,False,17,14,,
29223180,4,0,False,0,0,,
29237785,1,9,False,12,11,,
29720968,1,8,False,14,9,,
29720969,1,6,False,18,14,,
29720970,1,9,False,11,8,,
29769420,1,8,False,11,16,,
29769422,1,8,False,12,14,,
29769421,1,9,False,6,15,,
29720978,1,9,False,8,7,,
29720976,1,8,False,10,12,,
29720974,1,8,False,15,10,,
29720995,1,8,False,12,5,,
29720996,1,8,False,4,26,,
29720997,1,8,False,14,16,,
29721001,1,9,False,14,8,,
29721003,1,9,False,12,11,,
29721002,1,9,False,9,13,,
29721007,1,9,False,2,22,,
29721006,1,9,False,10,11,,
29721005,1,9,False,17,13,,
29721010,1,9,False,6,16,,
29721012,1,9,False,0,8,,
29721011,1,9,False,8,14,,
29769463,4,0,False,0,0,,
29769465,4,0,False,0,0,,
29769464,4,0,False,0,0,,
29721015,1,8,False,10,8,,
29721016,1,9,False,19,4,,
29721014,1,7,False,10,10,,
29721018,1,9,False,20,10,,
29721020,1,8,False,18,10,,
29721019,1,8,False,13,12,,
29725930,1,9,False,7,8,,
29725929,1,8,False,9,15,,
29725931,1,8,False,7,13,,
29923941,1,6,False,12,8,,
29923942,1,7,False,15,10,,
29923943,1,6,False,8,12,,
29885565,1,9,False,7,15,,
29885567,1,9,False,13,10,,
29885566,1,9,False,10,3,,
29924022,1,8,False,4,22,,
29924020,1,9,False,9,14,,
29924021,1,9,False,17,23,,
29924039,1,9,False,7,7,,
29924040,1,6,False,7,6,,
29924038,1,9,False,6,20,,
30010636,1,9,False,7,0,,
30010637,1,9,False,14,11,,
30010638,1,9,False,9,4,,
30010640,1,9,False,16,2,,
30010639,1,10,False,16,21,,
30524141,1,9,False,16,14,,
30524153,1,9,False,7,6,,
30524142,2,0,False,0,0,Rainout,
30524149,2,0,False,0,0,Rainout,
30524143,1,9,False,9,16,,
30524150,1,9,False,6,11,,
30524164,1,9,False,3,19,,
30524151,1,9,False,24,12,Matt Taylor Hits for the Cycle!!!,
30569227,1,9,False,9,13,,
30569228,1,7,False,23,20,,
30573329,1,0,False,6,21,Yuniel hits for the cycle!!,
30573328,1,9,False,15,14,,Dave St Martin played for the Nationals today.
30579288,1,8,False,15,14,,
30579289,1,9,False,5,27,Mark W - 3HR day!!!,
30584686,1,9,False,13,12,,
30584694,1,9,False,11,9,,
30584688,1,9,False,13,9,,
30584689,1,9,False,15,14,Homerun Chris M,
30600333,1,9,False,1,8,,
30600329,1,0,False,16,6,,
30600330,1,9,False,13,9,,
30600334,1,9,False,6,11,,
30600331,1,8,False,12,13,,
30600339,1,9,False,7,11,,
30600338,1,8,False,12,19,,
30600332,1,9,False,9,6,,
30600336,1,8,False,17,14,,
30600340,1,8,False,22,11,,Score is an estimate based on a conversation. I did not get a game sheet so there are no stats at this time. If you have it please end to Jun or Jordan and they will enter or send to me.
30711962,1,0,False,5,4,Tigers are the 2024 Champions!,
30996054,1,8,False,11,10,,
30996055,1,9,False,17,2,,
30996056,1,9,False,7,13,,
30996041,1,0,False,15,4,,
30996040,1,0,False,12,12,,
30996039,1,0,False,18,17,,
30996044,1,0,False,14,5,,
30996042,1,0,False,13,11,,
30996043,1,0,False,11,12,,
30996059,1,9,False,14,7,,
30996057,1,9,False,9,12,,
30996058,1,8,False,14,13,,
30996060,1,9,False,13,9,,
30996062,1,9,False,19,9,,
30996061,1,0,False,7,13,,
31183945,1,8,False,15,23,,
31183947,1,9,False,5,26,,
31183946,1,9,False,10,13,,
30996045,1,7,False,7,22,,
30996047,1,9,False,13,27,,
30996046,1,9,False,20,8,,
30996070,1,9,False,7,7,,
30996071,1,8,False,21,14,,
30996069,1,8,False,14,17,,
30996073,1,9,False,15,12,,
30996072,1,9,False,12,23,,
30996074,1,8,False,11,12,,
30996051,1,4,False,3,9,,
30996052,1,5,False,9,12,,
30996053,1,7,False,9,16,,
30996076,1,8,False,15,5,,
30996077,1,9,False,14,20,,
30996075,1,9,False,19,8,,
30996078,1,9,False,21,10,,
30996079,1,9,False,1,27,,
30996080,1,0,False,18,18,,
30996082,1,9,False,16,15,,
30996083,1,9,False,4,9,,
30996081,1,8,False,12,24,,
31312627,1,9,False,4,7,,
31312617,1,9,False,12,20,,
31296761,1,9,False,8,11,,
31296760,1,9,False,9,12,,
31296762,1,9,False,17,12,,
31312627,1,9,False,4,7,,
31312617,1,9,False,12,20,,
31320226,1,9,False,8,11,,
