Game ID,Date,Status,Visitors,Home,Location,Division ID,Division Name
22505762,5/1/2016,PPD,Red Sox,Blue Jays,Mohawk 4,774527,2016 Regular Season
22505764,5/1/2016,PPD,Cardinals,Yankees,Mohawk 5,774527,2016 Regular Season
22505765,5/1/2016,PPD,Indians,Pirates,Mohawk 6,774527,2016 Regular Season
22505771,5/8/2016,F 8-6,Blue Jays,Indians,Mohawk 6,774527,2016 Regular Season
22505768,5/8/2016,F 6-9,Cardinals,Red Sox,Mohawk 4,774527,2016 Regular Season
22505769,5/8/2016,F 10-7,Yankees,Pirates,Mohawk 5,774527,2016 Regular Season
22505774,5/15/2016,F 10-8,Indians,Cardinals,Mohawk 6,774527,2016 Regular Season
22505772,5/15/2016,F 3-4,Yankees,Red Sox,Mohawk 4,774527,2016 Regular Season
22505773,5/15/2016,F 1-6,Pirates,Blue Jays,Mohawk 5,774527,2016 Regular Season
22505779,5/22/2016,F 13-5,Blue Jays,Cardinals,Mohawk 6,774527,2016 Regular Season
22505778,5/22/2016,F 11-12,Red Sox,Pirates,Mohawk 5,774527,2016 Regular Season
22505777,5/22/2016,F 9-9,Yankees,Indians,Mohawk 4,774527,2016 Regular Season
22505782,5/29/2016,F 16-9,Indians,Red Sox,Mohawk 5,774527,2016 Regular Season
22505783,5/29/2016,F 14-20,Blue Jays,Yankees,Mohawk 6,774527,2016 Regular Season
22505781,5/29/2016,F 14-5,Pirates,Cardinals,Mohawk 4,774527,2016 Regular Season
22511150,6/5/2016,F 7-12,Blue Jays,Red Sox,Mohawk 5,774527,2016 Regular Season
22511152,6/5/2016,F 10-21,Pirates,Indians,Mohawk 4,774527,2016 Regular Season
22511151,6/5/2016,F 19-9,Yankees,Cardinals,Mohawk 6,774527,2016 Regular Season
22511153,6/12/2016,F 9-9,Red Sox,Cardinals,Mohawk 4,774527,2016 Regular Season
22511154,6/12/2016,F 17-5,Pirates,Yankees,Mohawk 5,774527,2016 Regular Season
22511155,6/12/2016,F 13-11,Indians,Blue Jays,Mohawk 6,774527,2016 Regular Season
22511156,6/19/2016,F 15-2,Red Sox,Yankees,Mohawk 6,774527,2016 Regular Season
22511159,6/19/2016,F 5-11,Cardinals,Indians,Mohawk 5,774527,2016 Regular Season
22511157,6/19/2016,F 15-13,Blue Jays,Pirates,Mohawk 4,774527,2016 Regular Season
22511160,6/26/2016,F 20-9,Indians,Yankees,Mohawk 4,774527,2016 Regular Season
22511161,6/26/2016,F 11-7,Pirates,Red Sox,Mohawk 6,774527,2016 Regular Season
22511162,6/26/2016,F 5-24,Cardinals,Blue Jays,Mohawk 5,774527,2016 Regular Season
22511165,7/10/2016,F 19-12,Yankees,Blue Jays,Mohawk 4,774527,2016 Regular Season
22504901,7/10/2016,F 16-4,Pirates,Cardinals,Mohawk 6,774527,2016 Regular Season
22511164,7/10/2016,F 18-18,Indians,Red Sox,Mohawk 5,774527,2016 Regular Season
22511168,7/17/2016,F 2-11,Indians,Pirates,Glanbrook,774527,2016 Regular Season
22511166,7/17/2016,F 11-12,Red Sox,Blue Jays,Mohawk 6,774527,2016 Regular Season
22511167,7/17/2016,F 15-11,Cardinals,Yankees,Mohawk 6,774527,2016 Regular Season
22511170,7/24/2016,F 14-20,Yankees,Pirates,Mohawk 6,774527,2016 Regular Season
22511169,7/24/2016,F 6-10,Cardinals,Red Sox,Mohawk 5,774527,2016 Regular Season
22511171,7/24/2016,F 11-13,Blue Jays,Indians,Mohawk 4,774527,2016 Regular Season
22511179,8/7/2016,F 21-10,Indians,Cardinals,Mohawk 6,774527,2016 Regular Season
22511175,8/7/2016,F 20-8,Yankees,Red Sox,Mohawk 4,774527,2016 Regular Season
22511177,8/7/2016,F 16-9,Pirates,Blue Jays,Mohawk 5,774527,2016 Regular Season
22511185,8/14/2016,F 8-7,Red Sox,Pirates,Olympic 1,774527,2016 Regular Season
22511184,8/14/2016,F 17-6,Yankees,Indians,Olympic 2,774527,2016 Regular Season
22511186,8/14/2016,F 8-20,Blue Jays,Cardinals,Mohawk 6,774527,2016 Regular Season
22511189,8/21/2016,F 13-4,Blue Jays,Yankees,Mohawk 5,774527,2016 Regular Season
22511188,8/21/2016,F 13-12,Red Sox,Indians,Mohawk 6,774527,2016 Regular Season
22511187,8/21/2016,F 10-9,Cardinals,Pirates,Mohawk 4,774527,2016 Regular Season
22511192,8/28/2016,F 4-4,Pirates,Indians,Mohawk 4,774527,2016 Regular Season
22511190,8/28/2016,F 13-14,Red Sox,Blue Jays,Mohawk 6,774527,2016 Regular Season
22511191,8/28/2016,F 13-10,Cardinals,Yankees,Mohawk 5,774527,2016 Regular Season
22877710,9/11/2016,TBP,Yankees,Pirates,Mohawk 5,774527,2016 Regular Season
22877712,9/18/2016,TBP,Red Sox,Pirates,Mohawk 5,774527,2016 Regular Season
22877713,9/18/2016,TBP,Blue Jays,Indians,Mohawk 4,774527,2016 Regular Season
22877714,9/25/2016,TBP,Blue Jays,Pirates,Mohawk 5,774527,2016 Regular Season
23860598,5/21/2017,TBP,Braves,Mariners,Mohawk 4,781976,2015 Regular Season
23860599,5/21/2017,TBP,Orioles,Reds,Mohawk 4,781976,2015 Regular Season
23860597,5/21/2017,F 0-0,A's,Blue Jays,Mohawk 4,781976,2015 Regular Season
22877814,9/11/2016,F 13-10*,Red Sox,Blue Jays,Olympic 2,783457,2016 Playoffs
22877813,9/11/2016,F 9-10*,Cardinals,Indians,Olympic 1,783457,2016 Playoffs
23732814,9/11/2016,F 9-22*,Yankees,Pirates,Mohawk 5,783457,2016 Playoffs
23732821,9/18/2016,F 14-5*,Blue Jays,Indians,Mohawk 5,783457,2016 Playoffs
23732820,9/18/2016,F 6-7,Red Sox,Pirates,Mohawk 4,783457,2016 Playoffs
23732832,9/25/2016,F 7-13,Blue Jays,Pirates,Mohawk 5,783457,2016 Playoffs
23628511,5/14/2017,F 21-10,Astros,A's,Mohawk 5,796177,2017 Regular Season
23628510,5/14/2017,F 9-7,Mariners,Blue Jays,Mohawk 4,796177,2017 Regular Season
23628509,5/14/2017,F 8-9,Orioles,Braves,Mohawk 2,796177,2017 Regular Season
23628512,5/14/2017,F 3-12,Yankees,Reds,Mohawk 6,796177,2017 Regular Season
23628542,5/21/2017,CAN,A's,Mariners,Mohawk 5,796177,2017 Regular Season
23628543,5/21/2017,CAN,Orioles,Astros,Mohawk 4,796177,2017 Regular Season
23628544,5/21/2017,CAN,Blue Jays,Reds,Mohawk 2,796177,2017 Regular Season
23628545,5/21/2017,CAN,Braves,Yankees,Mohawk 6,796177,2017 Regular Season
23628551,5/28/2017,CAN,Mariners,Orioles,Mohawk 6,796177,2017 Regular Season
23628550,5/28/2017,CAN,Astros,Braves,Mohawk 5,796177,2017 Regular Season
23628552,5/28/2017,CAN,Yankees,Blue Jays,Mohawk 5,796177,2017 Regular Season
23628549,5/28/2017,CAN,Reds,A's,Mohawk 6,796177,2017 Regular Season
23628571,6/4/2017,CAN,Astros,Mariners,Mohawk 2,796177,2017 Regular Season
23628573,6/4/2017,CAN,A's,Yankees,Mohawk 4,796177,2017 Regular Season
23628572,6/4/2017,CAN,Blue Jays,Braves,Mohawk 5,796177,2017 Regular Season
23628570,6/4/2017,CAN,Orioles,Reds,Mohawk 6,796177,2017 Regular Season
23628579,6/11/2017,F 19-9,Blue Jays,A's,Mohawk 6,796177,2017 Regular Season
23628578,6/11/2017,F 3-5,Yankees,Orioles,Mohawk 4,796177,2017 Regular Season
23628580,6/11/2017,F 6-14,Reds,Astros,Mohawk 2,796177,2017 Regular Season
23628577,6/11/2017,F 9-17,Braves,Mariners,Mohawk 5,796177,2017 Regular Season
23628597,6/18/2017,F 18-7,Astros,Yankees,Mohawk 2,796177,2017 Regular Season
23628596,6/18/2017,F 8-7,Mariners,Reds,Mohawk 5,796177,2017 Regular Season
23628594,6/18/2017,F 22-7,A's,Braves,Mohawk 6,796177,2017 Regular Season
23628595,6/18/2017,F 11-18,Orioles,Blue Jays,Mohawk 4,796177,2017 Regular Season
23628606,6/25/2017,F 8-6,Orioles,A's,Mohawk 6,796177,2017 Regular Season
23628605,6/25/2017,F 7-2,Reds,Braves,Mohawk 2,796177,2017 Regular Season
23628607,6/25/2017,F 9-4,Yankees,Mariners,Mohawk 5,796177,2017 Regular Season
23628608,6/25/2017,F 4-3,Astros,Blue Jays,Mohawk 4,796177,2017 Regular Season
23628618,7/9/2017,F 11-12,Braves,Orioles,Mohawk 4,796177,2017 Regular Season
23628619,7/9/2017,F 3-6,Blue Jays,Mariners,Glanbrook,796177,2017 Regular Season
23628616,7/9/2017,F 6-9,Reds,Yankees,Mohawk 6,796177,2017 Regular Season
23628617,7/9/2017,F 13-7,A's,Astros,Mohawk 5,796177,2017 Regular Season
23628623,7/16/2017,F 10-11,Reds,Blue Jays,Mohawk 4,796177,2017 Regular Season
23628625,7/16/2017,F 12-2,Astros,Orioles,Mohawk 6,796177,2017 Regular Season
23628622,7/16/2017,F 12-13,Mariners,A's,Mohawk 2,796177,2017 Regular Season
23628624,7/16/2017,F 8-6,Yankees,Braves,Mohawk 5,796177,2017 Regular Season
23628629,7/23/2017,F 7-18,Orioles,Mariners,Mohawk 5,796177,2017 Regular Season
23628632,7/23/2017,F 9-18,A's,Reds,Mohawk 4,796177,2017 Regular Season
23628630,7/23/2017,F 5-6,Blue Jays,Yankees,Mohawk 6,796177,2017 Regular Season
23628631,7/23/2017,F 11-12,Braves,Astros,Mohawk 2,796177,2017 Regular Season
23628669,7/30/2017,F 12-8,Braves,Blue Jays,Mohawk 4,796177,2017 Regular Season
23628670,7/30/2017,F 11-17,Mariners,Astros,Mohawk 6,796177,2017 Regular Season
23628671,7/30/2017,F 24-2,Yankees,A's,Mohawk 5,796177,2017 Regular Season
23628668,7/30/2017,F 9-4,Reds,Orioles,Mohawk 2,796177,2017 Regular Season
23628683,8/13/2017,F 18-12,Astros,Reds,Mohawk 5,796177,2017 Regular Season
23628682,8/13/2017,F 8-5,A's,Blue Jays,Mohawk 4,796177,2017 Regular Season
23628684,8/13/2017,F 6-17,Mariners,Braves,Mohawk 6,796177,2017 Regular Season
23628681,8/13/2017,F 9-13,Orioles,Yankees,Mohawk 2,796177,2017 Regular Season
23628691,8/20/2017,F 7-18,Yankees,Astros,Glanbrook,796177,2017 Regular Season
23628692,8/20/2017,F 7-14,Blue Jays,Orioles,Mohawk 6,796177,2017 Regular Season
23628693,8/20/2017,F 29-2,Braves,A's,Mohawk 5,796177,2017 Regular Season
23628694,8/20/2017,F 9-23,Reds,Mariners,Mohawk 4,796177,2017 Regular Season
23628710,8/27/2017,F 15-16,Blue Jays,Astros,Mohawk 2,796177,2017 Regular Season
23628709,8/27/2017,F 17-16,Yankees,Mariners,Mohawk 5,796177,2017 Regular Season
23628707,8/27/2017,F 9-17,Reds,Braves,Mohawk 6,796177,2017 Regular Season
23628708,8/27/2017,F 7-9,A's,Orioles,Mohawk 4,796177,2017 Regular Season
24120433,9/10/2017,F 6-8,Orioles,Braves,Mohawk 5,807648,2017 Playoffs
24120416,9/10/2017,F 11-12,Blue Jays,Astros,Glanbrook,807648,2017 Playoffs
24120431,9/10/2017,F 14-17,A's,Yankees,Olympic 1,807648,2017 Playoffs
24120432,9/10/2017,F 9-10,Reds,Mariners,Olympic 2,807648,2017 Playoffs
24270189,9/17/2017,TBP,Mariners,Yankees,Mohawk 4,807648,2017 Playoffs
24270190,9/17/2017,F 9-22,Braves,Astros,Mohawk 5,807648,2017 Playoffs
24263954,9/23/2017,TBP,Mariners,Yankees,Mohawk 4,807648,2017 Playoffs
24263955,9/23/2017,F 9-22,Braves,Astros,Mohawk 5,807648,2017 Playoffs
24270191,9/24/2017,F 6-22,Mariners,Astros,Mohawk 5,807648,2017 Playoffs
25051844,5/20/2018,F 7-5,Giants,Marlins,Mohawk 5,824609,2018 Regular Season
25051847,5/20/2018,F 7-12,Royals,Tigers,Mohawk 6,824609,2018 Regular Season
25051845,5/20/2018,F 15-18,Nationals,Pirates,Mohawk 4,824609,2018 Regular Season
25051846,5/20/2018,F 17-15,A's,Dodgers,Mohawk 2,824609,2018 Regular Season
25051861,5/27/2018,F 16-11,Marlins,Nationals,Glanbrook,824609,2018 Regular Season
25051860,5/27/2018,F 6-13,Pirates,Giants,Mohawk 6,824609,2018 Regular Season
25051859,5/27/2018,F 24-15,Dodgers,Royals,Mohawk 5,824609,2018 Regular Season
25051858,5/27/2018,F 5-6,Tigers,A's,Caledonia,824609,2018 Regular Season
25051870,6/3/2018,F 18-10,Marlins,Royals,Mohawk 4,824609,2018 Regular Season
25051871,6/3/2018,F 20-11,A's,Pirates,Mohawk 5,824609,2018 Regular Season
25051868,6/3/2018,F 11-14,Giants,Tigers,Mohawk 2,824609,2018 Regular Season
25051869,6/3/2018,F 8-13,Nationals,Dodgers,Mohawk 6,824609,2018 Regular Season
25327960,6/10/2018,F 18-9,Royals,A's,Mohawk 4,824609,2018 Regular Season
25327961,6/10/2018,F 8-24,Pirates,Marlins,Mohawk 5,824609,2018 Regular Season
25327963,6/10/2018,F 10-11,Giants,Nationals,Mohawk 6,824609,2018 Regular Season
25327959,6/10/2018,F 6-16,Dodgers,Tigers,Mohawk 2,824609,2018 Regular Season
25327945,6/17/2018,F 16-5,Tigers,Marlins,Mohawk 6,824609,2018 Regular Season
25327943,6/17/2018,F 4-2,A's,Giants,Mohawk 4,824609,2018 Regular Season
25327942,6/17/2018,F 12-13,Royals,Nationals,Mohawk 2,824609,2018 Regular Season
25327944,6/17/2018,F 17-11,Pirates,Dodgers,Mohawk 5,824609,2018 Regular Season
25353313,6/24/2018,PPD,Pirates,Nationals,Mohawk 2,824609,2018 Regular Season
25353316,6/24/2018,PPD,Marlins,Giants,Mohawk 6,824609,2018 Regular Season
25353315,6/24/2018,PPD,Tigers,Royals,Mohawk 5,824609,2018 Regular Season
25353314,6/24/2018,PPD,Dodgers,A's,Mohawk 4,824609,2018 Regular Season
25353322,7/8/2018,F 17-12,Giants,Pirates,Mohawk 5,824609,2018 Regular Season
25353320,7/8/2018,F 11-12,A's,Tigers,Mohawk 2,824609,2018 Regular Season
25353323,7/8/2018,F 12-11,Royals,Dodgers,Mohawk 6,824609,2018 Regular Season
25353321,7/8/2018,F 5-29,Nationals,Marlins,Mohawk 4,824609,2018 Regular Season
25353327,7/15/2018,F 9-7,Pirates,A's,Mohawk 6,824609,2018 Regular Season
25353326,7/15/2018,F 12-9,Royals,Marlins,Mohawk 5,824609,2018 Regular Season
25353324,7/15/2018,F 9-5,Dodgers,Nationals,Mohawk 2,824609,2018 Regular Season
25353325,7/15/2018,F 9-5,Tigers,Giants,Mohawk 4,824609,2018 Regular Season
25353328,7/22/2018,PPD,Marlins,Pirates,Mohawk 2,824609,2018 Regular Season
25353330,7/22/2018,PPD,Tigers,Dodgers,Mohawk 5,824609,2018 Regular Season
25353329,7/22/2018,PPD,Nationals,Giants,Mohawk 4,824609,2018 Regular Season
25353331,7/22/2018,PPD,A's,Royals,Mohawk 6,824609,2018 Regular Season
25353334,7/29/2018,F 19-10,A's,Marlins,Mohawk 2,824609,2018 Regular Season
25353337,7/29/2018,F 6-7,Giants,Royals,Mohawk 6,824609,2018 Regular Season
25353336,7/29/2018,F 10-2,Nationals,Tigers,Mohawk 5,824609,2018 Regular Season
25353335,7/29/2018,F 7-10,Dodgers,Pirates,Mohawk 4,824609,2018 Regular Season
25353339,8/12/2018,F 6-7,Marlins,Dodgers,Mohawk 2,824609,2018 Regular Season
25353340,8/12/2018,F 11-4,Nationals,Royals,Mohawk 4,824609,2018 Regular Season
25353341,8/12/2018,F 1-13,Giants,A's,Mohawk 5,824609,2018 Regular Season
25353342,8/12/2018,F 6-15,Pirates,Tigers,Mohawk 6,824609,2018 Regular Season
25353343,8/19/2018,F 13-15,A's,Nationals,Mohawk 2,824609,2018 Regular Season
25353345,8/19/2018,F 14-8,Giants,Dodgers,Caledonia,824609,2018 Regular Season
25353344,8/19/2018,F 0-9,Royals,Pirates,Glanbrook,824609,2018 Regular Season
25353346,8/19/2018,F 3-14,Marlins,Tigers,Mohawk 6,824609,2018 Regular Season
25424567,8/26/2018,F 18-10,Dodgers,Giants,Mohawk 2,824609,2018 Regular Season
25424569,8/26/2018,F 11-8,Tigers,Nationals,Olympic 2,824609,2018 Regular Season
25424570,8/26/2018,F 7-12,Pirates,Royals,Caledonia,824609,2018 Regular Season
25424568,8/26/2018,F 11-9,Marlins,A's,Olympic 1,824609,2018 Regular Season
25547669,9/9/2018,F 24-17*,Royals,Dodgers,Mohawk 5,824609,2018 Regular Season
25547670,9/9/2018,F 5-16*,Nationals,Marlins,Mohawk 6,824609,2018 Regular Season
25547672,9/9/2018,F 5-13*,Giants,Tigers,Glanbrook,824609,2018 Regular Season
25547671,9/9/2018,F 14-11*,Pirates,A's,Dundas,824609,2018 Regular Season
25577485,9/16/2018,F 7-17*,Royals,Marlins,Mohawk 4,824609,2018 Regular Season
25577484,9/16/2018,F 7-18*,Pirates,Tigers,Mohawk 4,824609,2018 Regular Season
25603820,9/23/2018,F 16-7*,Marlins,Tigers,Mohawk 5,824609,2018 Regular Season
26479525,5/26/2019,F 5-9,Giants,Nationals,Mohawk 5,839973,2019 Regular Season
26479518,5/26/2019,F 12-2,A's,Dodgers,Mohawk 6,839973,2019 Regular Season
26479517,5/26/2019,CAN,Royals,Tigers,Caledonia,839973,2019 Regular Season
26480072,6/2/2019,F 13-14,Nationals,Royals,Mohawk 2,839973,2019 Regular Season
26480073,6/2/2019,F 21-5,Dodgers,Giants,Mohawk 4,839973,2019 Regular Season
26480074,6/2/2019,F 7-11,Tigers,A's,Mohawk 5,839973,2019 Regular Season
26480083,6/9/2019,F 12-11,Tigers,Dodgers,Mohawk 5,839973,2019 Regular Season
26480082,6/9/2019,F 14-4,A's,Nationals,Mohawk 4,839973,2019 Regular Season
26480081,6/9/2019,F 15-4,Royals,Giants,Mohawk 2,839973,2019 Regular Season
26480086,6/16/2019,F 8-16,Royals,A's,Mohawk 5,839973,2019 Regular Season
26480084,6/16/2019,F 10-9,Dodgers,Nationals,Mohawk 2,839973,2019 Regular Season
26480085,6/16/2019,F 14-13,Giants,Tigers,Mohawk 4,839973,2019 Regular Season
26480089,6/23/2019,F 14-11,Nationals,Tigers,Mohawk 5,839973,2019 Regular Season
26480087,6/23/2019,F 0-12,Giants,A's,Mohawk 2,839973,2019 Regular Season
26480088,6/23/2019,F 5-12,Dodgers,Royals,Mohawk 4,839973,2019 Regular Season
26480160,7/7/2019,F 9-25,Nationals,Giants,Mohawk 4,839973,2019 Regular Season
26480161,7/7/2019,F 13-12,Dodgers,A's,Mohawk 5,839973,2019 Regular Season
26480159,7/7/2019,F 16-9,Tigers,Royals,Mohawk 2,839973,2019 Regular Season
26480165,7/14/2019,F 8-10,A's,Tigers,Mohawk 4,839973,2019 Regular Season
26480166,7/14/2019,F 18-8,Royals,Nationals,Mohawk 5,839973,2019 Regular Season
26480164,7/14/2019,F 12-11,Giants,Dodgers,Mohawk 2,839973,2019 Regular Season
26480176,7/21/2019,F 2-19,Giants,Royals,Mohawk 5,839973,2019 Regular Season
26480175,7/21/2019,F 10-14,Dodgers,Tigers,Mohawk 4,839973,2019 Regular Season
26480174,7/21/2019,F 11-5,Nationals,A's,Mohawk 2,839973,2019 Regular Season
26480177,7/28/2019,F 9-13,A's,Royals,Mohawk 2,839973,2019 Regular Season
26480178,7/28/2019,F 18-10,Tigers,Giants,Mohawk 4,839973,2019 Regular Season
26480179,7/28/2019,F 12-10,Nationals,Dodgers,Mohawk 5,839973,2019 Regular Season
26480180,8/11/2019,F 19-16,Tigers,Nationals,Mohawk 2,839973,2019 Regular Season
26480182,8/11/2019,F 20-11,A's,Giants,Mohawk 5,839973,2019 Regular Season
26480181,8/11/2019,F 6-8,Dodgers,Royals,Mohawk 4,839973,2019 Regular Season
26480184,8/18/2019,CAN,Giants,Nationals,Mohawk 4,839973,2019 Regular Season
26480185,8/18/2019,CAN,Royals,Tigers,Mohawk 5,839973,2019 Regular Season
26480183,8/18/2019,CAN,A's,Dodgers,Mohawk 6,839973,2019 Regular Season
26480199,8/25/2019,F 3-15,Tigers,A's,Caledonia,839973,2019 Regular Season
26480197,8/25/2019,F 8-5,Dodgers,Giants,Mohawk 2,839973,2019 Regular Season
26480198,8/25/2019,F 10-16,Nationals,Royals,Glanbrook,839973,2019 Regular Season
26766205,9/8/2019,F 15-11,Nationals,A's,Olympic 1,839973,2019 Regular Season
26766207,9/8/2019,F 8-24,Dodgers,Tigers,Mohawk 4,839973,2019 Regular Season
26766206,9/8/2019,F 5-12,Giants,Royals,Olympic 2,839973,2019 Regular Season
26766211,9/15/2019,F 10-16,A's,Royals,Mohawk 5,839973,2019 Regular Season
26766212,9/15/2019,F 15-6,Nationals,Tigers,Mohawk 4,839973,2019 Regular Season
26766213,9/22/2019,F 4-11,Nationals,Royals,Mohawk 5,839973,2019 Regular Season
26695752,9/8/2019,F 5-12,Giants,Royals,Olympic 1,848702,2019 Playoffs
26695754,9/8/2019,F 8-24,Dodgers,Tigers,Mohawk 5,848702,2019 Playoffs
26695753,9/8/2019,F 15-11,Nationals,A's,Olympic 2,848702,2019 Playoffs
26754234,9/15/2019,F 9-16,A's,Royals,Mohawk 5,848702,2019 Playoffs
26754233,9/15/2019,F 15-6,Nationals,Tigers,Mohawk 4,848702,2019 Playoffs
28193137,7/11/2021,F 5-11,Dodgers,Royals,Mohawk 4,1004426,2021 Regular Season
28193138,7/11/2021,F 9-9,Tigers,Nationals,Mohawk 5,1004426,2021 Regular Season
28193139,7/11/2021,F 6-7,A's,Giants,Mohawk 6,1004426,2021 Regular Season
28193141,7/18/2021,F 8-14,Dodgers,Giants,Mohawk 5,1004426,2021 Regular Season
28193142,7/18/2021,F 14-4,Royals,Tigers,Mohawk 6,1004426,2021 Regular Season
28193140,7/18/2021,F 12-10,A's,Nationals,Mohawk 4,1004426,2021 Regular Season
28193143,7/25/2021,F 13-10,Tigers,Dodgers,Mohawk 4,1004426,2021 Regular Season
28193145,7/25/2021,F 10-14,Giants,Nationals,Mohawk 5,1004426,2021 Regular Season
28193144,7/25/2021,F 8-4,Royals,A's,Mohawk 6,1004426,2021 Regular Season
28193146,8/8/2021,F 18-7,Royals,Giants,Mohawk 4,1004426,2021 Regular Season
28193147,8/8/2021,F 8-20,Nationals,Dodgers,Mohawk 5,1004426,2021 Regular Season
28193148,8/8/2021,F 9-3,Tigers,A's,Mohawk 6,1004426,2021 Regular Season
28193150,8/15/2021,F 13-11,Giants,Tigers,Mohawk 5,1004426,2021 Regular Season
28193149,8/15/2021,F 9-12,Dodgers,A's,Mohawk 6,1004426,2021 Regular Season
28193151,8/22/2021,F 3-10,Tigers,Royals,Mohawk 4,1004426,2021 Regular Season
28193152,8/22/2021,F 24-6,Nationals,A's,Mohawk 5,1004426,2021 Regular Season
28193153,8/22/2021,F 14-11,Dodgers,Giants,Mohawk 6,1004426,2021 Regular Season
28193154,8/29/2021,F 5-11,Nationals,Royals,Caledonia,1004426,2021 Regular Season
28193155,9/5/2021,F 14-7,A's,Giants,Mohawk 4,1004426,2021 Regular Season
28193156,9/5/2021,F 13-5,Dodgers,Royals,Mohawk 5,1004426,2021 Regular Season
28193157,9/5/2021,F 9-10,Tigers,Nationals,Mohawk 6,1004426,2021 Regular Season
28193158,9/12/2021,F 8-14,Dodgers,Nationals,Mohawk 4,1004426,2021 Regular Season
28193159,9/12/2021,F 3-4,A's,Tigers,Mohawk 5,1004426,2021 Regular Season
28193160,9/12/2021,F 1-8,Giants,Royals,Mohawk 6,1004426,2021 Regular Season
28193161,9/19/2021,F 8-7,Giants,Tigers,Mohawk 4,1004426,2021 Regular Season
28193162,9/19/2021,F 11-12,Royals,Nationals,Mohawk 5,1004426,2021 Regular Season
28193163,9/19/2021,F 13-7,A's,Dodgers,Mohawk 6,1004426,2021 Regular Season
28330768,9/26/2021,F 7-12,Dodgers,Royals,Joe Sam's Park Waterdown #3,1004426,2021 Regular Season
28330769,9/26/2021,F 14-19,Nationals,Tigers,Joe Sam's Park Waterdown #4,1004426,2021 Regular Season
28330767,9/26/2021,F 8-14,Giants,A's,joe Sam's Park Waterdown #2,1004426,2021 Regular Season
28193166,10/3/2021,CAN,Tigers,Dodgers,Joe Sam's Park Waterdown #4,1004426,2021 Regular Season
28193167,10/3/2021,CAN,Nationals,Giants,joe Sam's Park Waterdown #2,1004426,2021 Regular Season
28193165,10/3/2021,CAN,Royals,A's,Joe Sam's Park Waterdown #3,1004426,2021 Regular Season
28193169,10/10/2021,F 11-13,Giants,A's,Mohawk 5,1004426,2021 Regular Season
28193170,10/10/2021,F 10-9,Royals,Dodgers,Mohawk 6,1004426,2021 Regular Season
28193168,10/10/2021,F 6-13,Nationals,Tigers,Mohawk 4,1004426,2021 Regular Season
28849516,5/29/2022,F 21-11,Dodgers,Pirates,Mohawk 4,1019310,2022 Regular Season
28849518,5/29/2022,F 11-14,Tigers,Nationals,Mohawk 6,1019310,2022 Regular Season
28849517,5/29/2022,F 12-20,A's,Marlins,Mohawk 5,1019310,2022 Regular Season
28849522,6/5/2022,F 10-11,Pirates,Tigers,Mohawk 6,1019310,2022 Regular Season
28849520,6/5/2022,F 7-8,A's,Nationals,Mohawk 4,1019310,2022 Regular Season
28849521,6/5/2022,F 10-11,Dodgers,Marlins,Mohawk 5,1019310,2022 Regular Season
28849524,6/12/2022,CAN,Pirates,A's,Mohawk 5,1019310,2022 Regular Season
28849525,6/12/2022,CAN,Marlins,Nationals,Mohawk 6,1019310,2022 Regular Season
28849523,6/12/2022,CAN,Tigers,Dodgers,Mohawk 4,1019310,2022 Regular Season
28849527,6/19/2022,F 11-10,Nationals,Dodgers,Mohawk 5,1019310,2022 Regular Season
28849528,6/19/2022,F 24-9,Tigers,A's,Mohawk 6,1019310,2022 Regular Season
28849526,6/19/2022,F 14-6,Pirates,Marlins,Mohawk 4,1019310,2022 Regular Season
28849531,6/26/2022,F 12-6,Nationals,Pirates,Mohawk 6,1019310,2022 Regular Season
28849529,6/26/2022,F 14-21,Dodgers,A's,Mohawk 4,1019310,2022 Regular Season
28849530,6/26/2022,F 7-18,Marlins,Tigers,Mohawk 5,1019310,2022 Regular Season
28849533,7/3/2022,F 4-8,Nationals,A's,Mohawk 5,1019310,2022 Regular Season
28849534,7/3/2022,F 30-16,Dodgers,Marlins,Mohawk 6,1019310,2022 Regular Season
28849532,7/3/2022,F 12-13,Tigers,Pirates,Mohawk 4,1019310,2022 Regular Season
28849536,7/10/2022,F 10-5,A's,Dodgers,Mohawk 6,1019310,2022 Regular Season
29066100,7/10/2022,F 5-5,Marlins,Pirates,Mohawk 6,1019310,2022 Regular Season
28849537,7/17/2022,F 14-12,A's,Marlins,Mohawk 4,1019310,2022 Regular Season
28849538,7/17/2022,F 16-18,Dodgers,Pirates,Mohawk 5,1019310,2022 Regular Season
28849539,7/17/2022,F 15-15,Tigers,Nationals,Mohawk 6,1019310,2022 Regular Season
28849541,7/24/2022,CAN,Pirates,Nationals,Mohawk 5,1019310,2022 Regular Season
28849540,7/24/2022,CAN,Marlins,Tigers,Mohawk 4,1019310,2022 Regular Season
28849542,7/24/2022,CAN,A's,Dodgers,Mohawk 6,1019310,2022 Regular Season
28849543,7/31/2022,CAN,Nationals,Tigers,Joe Sams Park Waterdown Diamond #1,1019310,2022 Regular Season
28849548,8/7/2022,F 15-8,Nationals,Marlins,Mohawk 6,1019310,2022 Regular Season
28849547,8/7/2022,F 11-10,Tigers,Dodgers,Mohawk 5,1019310,2022 Regular Season
28849546,8/7/2022,F 16-20,Pirates,A's,Mohawk 4,1019310,2022 Regular Season
28849554,8/14/2022,F 6-6,A's,Nationals,Mohawk 6,1019310,2022 Regular Season
28849553,8/14/2022,F 3-15,Marlins,Pirates,Mohawk 5,1019310,2022 Regular Season
28849555,8/14/2022,F 8-10,Dodgers,Tigers,Mohawk 5,1019310,2022 Regular Season
28849557,8/21/2022,F 17-14,A's,Tigers,Mohawk 4,1019310,2022 Regular Season
28849558,8/21/2022,F 7-11,Marlins,Nationals,Mohawk 5,1019310,2022 Regular Season
28849559,8/21/2022,F 16-4,Pirates,Dodgers,Mohawk 6,1019310,2022 Regular Season
28849563,8/28/2022,F 13-14,Dodgers,Nationals,Mohawk 6,1019310,2022 Regular Season
28849561,8/28/2022,F 28-10,Tigers,Marlins,Mohawk 4,1019310,2022 Regular Season
28849562,8/28/2022,F 20-8,Pirates,A's,Mohawk 5,1019310,2022 Regular Season
29113735,9/11/2022,F 11-12,Dodgers,Pirates,Mohawk 4,1022014,2022 Playoffs
29113736,9/11/2022,F 11-18,Marlins,A's,Mohawk 5,1022014,2022 Playoffs
29205715,9/18/2022,F 17-13,A's,Nationals,Bernie Arbour Stadium,1022014,2022 Playoffs
29205719,9/18/2022,F 14-17,Pirates,Tigers,Mohawk 4,1022014,2022 Playoffs
29223180,9/25/2022,CAN,A's,Tigers,Bernie Arbour Stadium,1022014,2022 Playoffs
29237785,10/2/2022,F 11-12,A's,Tigers,Bernie Arbour Stadium,1022014,2022 Playoffs
29720968,5/14/2023,F 9-14,Marlins,Tigers,Mohawk 4,1034800,2023 Regular Season
29720969,5/14/2023,F 14-18,Royals,A's,Mohawk 5,1034800,2023 Regular Season
29720970,5/14/2023,F 8-11,Pirates,Nationals,Mohawk 6,1034800,2023 Regular Season
29769420,5/21/2023,F 16-11,A's,Pirates,Mohawk 4,1034800,2023 Regular Season
29769422,5/21/2023,F 14-12,Tigers,Royals,Mohawk 6,1034800,2023 Regular Season
29769421,5/21/2023,F 15-6,Nationals,Marlins,Mohawk 5,1034800,2023 Regular Season
29720978,5/28/2023,F 7-8,A's,Pirates,Mohawk 6,1034800,2023 Regular Season
29720976,5/28/2023,F 12-10,Tigers,Royals,Mohawk 4,1034800,2023 Regular Season
29720974,5/28/2023,F 10-15,Marlins,Nationals,Mohawk 5,1034800,2023 Regular Season
29720995,6/4/2023,F 5-12,Marlins,A's,Mohawk 4,1034800,2023 Regular Season
29720996,6/4/2023,F 26-4,Nationals,Tigers,Mohawk 5,1034800,2023 Regular Season
29720997,6/4/2023,F 16-14,Royals,Pirates,Mohawk 6,1034800,2023 Regular Season
29721001,6/11/2023,F 8-14,Royals,Nationals,Mohawk 4,1034800,2023 Regular Season
29721003,6/11/2023,F 11-12,A's,Tigers,Mohawk 6,1034800,2023 Regular Season
29721002,6/11/2023,F 13-9,Marlins,Pirates,Mohawk 5,1034800,2023 Regular Season
29721007,6/18/2023,F 22-2,Tigers,Pirates,Mohawk 6,1034800,2023 Regular Season
29721006,6/18/2023,F 11-10,Royals,Marlins,Mohawk 5,1034800,2023 Regular Season
29721005,6/18/2023,F 13-17,A's,Nationals,Mohawk 4,1034800,2023 Regular Season
29721010,6/25/2023,F 16-6,Tigers,Marlins,Mohawk 4,1034800,2023 Regular Season
29721012,6/25/2023,F 8-0,A's,Royals,Mohawk 6,1034800,2023 Regular Season
29721011,6/25/2023,F 14-8,Nationals,Pirates,Mohawk 5,1034800,2023 Regular Season
29769463,7/2/2023,CAN,Royals,Pirates,Mohawk 4,1034800,2023 Regular Season
29769465,7/2/2023,CAN,A's,Nationals,Mohawk 6,1034800,2023 Regular Season
29769464,7/2/2023,CAN,Tigers,Marlins,Mohawk 5,1034800,2023 Regular Season
29721015,7/9/2023,F 8-10,Marlins,A's,Mohawk 5,1034800,2023 Regular Season
29721016,7/9/2023,F 4-19,Tigers,Nationals,Mohawk 6,1034800,2023 Regular Season
29721014,7/9/2023,F 10-10,Pirates,Royals,Mohawk 2,1034800,2023 Regular Season
29721018,7/16/2023,F 10-20,Tigers,A's,Mohawk 4,1034800,2023 Regular Season
29721020,7/16/2023,F 10-18,Pirates,Marlins,Mohawk 6,1034800,2023 Regular Season
29721019,7/16/2023,F 12-13,Royals,Nationals,Mohawk 5,1034800,2023 Regular Season
29725930,7/23/2023,F 8-7,Pirates,Tigers,Mohawk 5,1034800,2023 Regular Season
29725929,7/23/2023,F 15-9,Marlins,Royals,Mohawk 4,1034800,2023 Regular Season
29725931,7/23/2023,F 13-7,Nationals,A's,Mohawk 6,1034800,2023 Regular Season
29923941,8/13/2023,F 8-12,Royals,Nationals,Mohawk 5,1034800,2023 Regular Season
29923942,8/13/2023,F 10-15,Pirates,Marlins,Mohawk 6,1034800,2023 Regular Season
29923943,8/13/2023,F 12-8,A's,Tigers,Mohawk 5,1034800,2023 Regular Season
29885565,8/20/2023,F 15-7,Nationals,Pirates,Mohawk 4,1034800,2023 Regular Season
29885567,8/20/2023,F 10-13,Tigers,Royals,Mohawk 6,1034800,2023 Regular Season
29885566,8/20/2023,F 3-10,Marlins,A's,Mohawk 5,1034800,2023 Regular Season
29924022,8/27/2023,F 22-4,Nationals,Marlins,Mohawk 6,1034800,2023 Regular Season
29924020,8/27/2023,F 14-9,Pirates,Royals,Mohawk 4,1034800,2023 Regular Season
29924021,8/27/2023,F 23-17,A's,Tigers,Mohawk 5,1034800,2023 Regular Season
29924039,9/3/2023,F 7-7,A's,Pirates,Mohawk 5,1034800,2023 Regular Season
29924040,9/3/2023,F 6-7,Marlins,Royals,Mohawk 6,1034800,2023 Regular Season
29924038,9/3/2023,F 20-6,Nationals,Tigers,Mohawk 4,1034800,2023 Regular Season
30010636,9/10/2023,F 0-7,Marlins,A's,Mohawk 4,1034801,2023 Playoffs
30010637,9/10/2023,F 11-14,Pirates,Nationals,Mohawk 5,1034801,2023 Playoffs
30010638,9/10/2023,F 4-9,Royals,Tigers,Mohawk 6,1034801,2023 Playoffs
30010640,9/17/2023,F 2-16,Royals,Nationals,Mohawk 5,1034801,2023 Playoffs
30010639,9/17/2023,F 21-16,Tigers,A's,Mohawk 4,1034801,2023 Playoffs
30524141,5/26/2024,F 14-16,A's,Nationals,Mohawk 5,1048250,2024 Regular Season
30524153,5/26/2024,F 6-7,Pirates,Tigers,Mohawk 4,1048250,2024 Regular Season
30524142,6/2/2024,PPD,Pirates,A's,Mohawk 4,1048250,2024 Regular Season
30524149,6/2/2024,PPD,Royals,Nationals,Mohawk 5,1048250,2024 Regular Season
30524143,6/9/2024,F 16-9,A's,Royals,Mohawk 4,1048250,2024 Regular Season
30524150,6/9/2024,F 11-6,Nationals,Tigers,Mohawk 5,1048250,2024 Regular Season
30524164,6/16/2024,F 19-3,Tigers,Royals,Mohawk 4,1048250,2024 Regular Season
30524151,6/16/2024,F 12-24,Nationals,Pirates,Mohawk 5,1048250,2024 Regular Season
30569227,6/30/2024,F 13-9,Nationals,A's,Mohawk 4,1048250,2024 Regular Season
30569228,6/30/2024,F 20-23,Pirates,Tigers,Mohawk 5,1048250,2024 Regular Season
30573329,7/7/2024,F 21-6,Royals,Nationals,Mohawk 5,1048250,2024 Regular Season
30573328,7/7/2024,F 14-15,Pirates,A's,Mohawk 4,1048250,2024 Regular Season
30579288,7/14/2024,F 14-15,Royals,A's,Mohawk 6,1048250,2024 Regular Season
30579289,7/14/2024,F 27-5,Tigers,Nationals,Mohawk 3,1048250,2024 Regular Season
30584686,7/21/2024,F 12-13,Royals,Tigers,Mohawk 4,1048250,2024 Regular Season
30584694,7/21/2024,F 9-11,Nationals,Pirates,Mohawk 5,1048250,2024 Regular Season
30584688,7/28/2024,F 9-13,A's,Tigers,Mohawk 5,1048250,2024 Regular Season
30584689,7/28/2024,F 14-15,Royals,Pirates,Mohawk 4,1048250,2024 Regular Season
30600333,8/11/2024,F 8-1,Royals,Nationals,Mahoney,1050385,2024 Playoffs
30600329,8/11/2024,F 6-16,A's,Tigers,Glanbrook,1050385,2024 Playoffs
30600330,8/18/2024,F 9-13,Pirates,A's,Mohawk 5,1050385,2024 Playoffs
30600334,8/18/2024,F 11-6,Tigers,Nationals,Mohawk 4,1050385,2024 Playoffs
30600331,8/25/2024,F 13-12,A's,Royals,Mohawk 4,1050385,2024 Playoffs
30600339,8/25/2024,F 11-7,Tigers,Pirates,Mohawk 5,1050385,2024 Playoffs
30600338,9/8/2024,F 19-12,Pirates,Royals,Mohawk 4,1050385,2024 Playoffs
30600332,9/8/2024,F 6-9,Nationals,A's,Mohawk 5,1050385,2024 Playoffs
30600336,9/15/2024,F 14-17,Nationals,Pirates,Mohawk 4,1050385,2024 Playoffs
30600340,9/15/2024,F 11-22,Royals,Tigers,Mohawk 5,1050385,2024 Playoffs
30711962,9/22/2024,F 4-5,A's,Tigers,Mohawk 4,1050385,2024 Playoffs
30996054,5/25/2025,F 10-11,Royals,Blue Jays,Olympic 1,1055348,2025 Regular Season
30996055,5/25/2025,F 2-17,Marlins,Pirates,Mohawk 5,1055348,2025 Regular Season
30996056,5/25/2025,F 13-7,Expos,Nationals,Mohawk 6,1055348,2025 Regular Season
30996041,6/1/2025,F 4-15,Royals,Expos,Mohawk 4,1055348,2025 Regular Season
30996040,6/1/2025,F 12-12,Nationals,Pirates,Mohawk 5,1055348,2025 Regular Season
30996039,6/1/2025,F 17-18,Blue Jays,Marlins,Mohawk 6,1055348,2025 Regular Season
30996044,6/8/2025,F 5-14,Pirates,Expos,Mohawk 6,1055348,2025 Regular Season
30996042,6/8/2025,F 11-13,Royals,Marlins,Mohawk 4,1055348,2025 Regular Season
30996043,6/8/2025,F 12-11,Blue Jays,Nationals,Mohawk 5,1055348,2025 Regular Season
30996059,6/15/2025,F 7-14,Pirates,Blue Jays,Mohawk 4,1055348,2025 Regular Season
30996057,6/15/2025,F 12-9,Nationals,Royals,Mohawk 6,1055348,2025 Regular Season
30996058,6/15/2025,F 13-14,Expos,Marlins,Mohawk 5,1055348,2025 Regular Season
30996060,6/22/2025,F 9-13,Pirates,Royals,Mohawk 6,1055348,2025 Regular Season
30996062,6/22/2025,F 9-19,Marlins,Nationals,Mohawk 4,1055348,2025 Regular Season
30996061,6/22/2025,F 13-7,Expos,Blue Jays,Mohawk 5,1055348,2025 Regular Season
31183945,6/29/2025,F 23-15,Blue Jays,Royals,Mohawk 4,1055348,2025 Regular Season
31183947,6/29/2025,F 26-5,Pirates,Marlins,Mohawk 5,1055348,2025 Regular Season
31183946,6/29/2025,F 13-10,Nationals,Expos,Mohawk 6,1055348,2025 Regular Season
30996045,7/6/2025,F 22-7,Pirates,Nationals,Mohawk 6,1055348,2025 Regular Season
30996047,7/6/2025,F 27-13,Expos,Royals,Mohawk 5,1055348,2025 Regular Season
30996046,7/6/2025,F 8-20,Marlins,Blue Jays,Mohawk 4,1055348,2025 Regular Season
30996070,7/20/2025,F 7-7,Nationals,Blue Jays,Mohawk 5,1055348,2025 Regular Season
30996071,7/20/2025,F 14-21,Marlins,Royals,Mohawk 6,1055348,2025 Regular Season
30996069,7/20/2025,F 17-14,Expos,Pirates,Mohawk 4,1055348,2025 Regular Season
30996073,7/27/2025,F 12-15,Royals,Nationals,Mohawk 4,1055348,2025 Regular Season
30996072,7/27/2025,F 23-12,Marlins,Expos,Mohawk 5,1055348,2025 Regular Season
30996074,7/27/2025,F 12-11,Blue Jays,Pirates,Mohawk 6,1055348,2025 Regular Season
30996051,8/10/2025,F 9-3,Blue Jays,Expos,Mohawk 6,1055348,2025 Regular Season
30996052,8/10/2025,F 12-9,Royals,Pirates,Mohawk 6,1055348,2025 Regular Season
30996053,8/10/2025,F 16-9,Nationals,Marlins,Mohawk 6,1055348,2025 Regular Season
30996076,8/17/2025,F 5-15,Expos,Nationals,Mohawk 5,1055348,2025 Regular Season
30996077,8/17/2025,F 20-14,Marlins,Pirates,Mohawk 6,1055348,2025 Regular Season
30996075,8/17/2025,F 8-19,Royals,Blue Jays,Mohawk 4,1055348,2025 Regular Season
30996078,8/24/2025,F 10-21,Royals,Expos,Mohawk 6,1055348,2025 Regular Season
30996079,8/24/2025,F 27-1,Blue Jays,Marlins,Mohawk 5,1055348,2025 Regular Season
30996080,8/24/2025,F 18-18,Nationals,Pirates,Mohawk 4,1055348,2025 Regular Season
30996082,8/31/2025,F 15-16,Pirates,Expos,Mohawk 5,1055348,2025 Regular Season
30996083,8/31/2025,F 9-4,Blue Jays,Nationals,Mohawk 6,1055348,2025 Regular Season
30996081,8/31/2025,F 24-12,Royals,Marlins,Mohawk 4,1055348,2025 Regular Season
31312627,9/14/2025,F 7-4,Royals,Pirates,Mohawk 4,1055348,2025 Regular Season
31312617,9/14/2025,F 20-12,Blue Jays,Nationals,Mohawk 5,1055348,2025 Regular Season
31296761,9/7/2025,F 11-8,Pirates,Expos,Mohawk 5,1056244,2025 Playoffs
31296760,9/7/2025,F 12-9,Royals,Blue Jays,Mohawk 4,1056244,2025 Playoffs
31296762,9/7/2025,F 12-17,Marlins,Nationals,Mohawk 6,1056244,2025 Playoffs
31312627,9/14/2025,F 7-4,Royals,Pirates,Mohawk 4,1056244,2025 Playoffs
31312617,9/14/2025,F 20-12,Blue Jays,Nationals,Mohawk 5,1056244,2025 Playoffs
31320226,9/21/2025,F 11-8,Blue Jays,Royals,Bernie Arbour Stadium,1056244,2025 Playoffs
