id,first_name,last_name,executive_year,executive_position,
,Chuck,Beaudoin,1988,President,
,Phil,Beaudoin,1988,Executive Secretary,
,Robert,Parker,1988,Correspondence Secretary,
,Randy,Campbell,1988,Treasurer,
,Dave,Stedman,1988,Registrar/Umpires,
,Don,Graves,1988,Publicity/Sponsors,
,Darryl,O'Regan,1988,Social Director,
,Bill,Bell,1988,Equipment Manager,
,,,,,
id,first_name,last_name,executive_year,executive_position,
,Chuck,Beaudoin,1989,President,
,Randy,Campbell,1989,Treasurer,
,Phil,Beaudoin,1989,Secretary/Umpires,
,Jim,Bartlett,1989,Registrar,
,Don,Graves,1989,Sponsorship Coordinator,
,Dave,Stedman,1989,Travelling Team Convenor,
,Bill,Bell,1989,Equipment/Statistician,
,Ed,Bril,1989,Tournament Chair,
,Bob,Black,1989,Members-at-Large,
,Robert,Parker,1989,Members-at-Large,
,,,,,
id,first_name,last_name,executive_year,executive_position,
,Chuck,Beaudoin,1990,President,
,Phil,Beaudoin,1990,Secretary/Umpires,
,Randy,Campbell,1990,Treasurer,
,Jim,Bartlett,1990,Registrar,
,Wayne,Chisholm,1990,Sponsorship Coordinator,
,Bill,Bell,1990,Equipment/Co-Statistician,
,Dave,Stedman,1990,Travelling Team Convenor,
,Ed,Bril,1990,Tournament Chair,
,Cam,Lovelady,1990,Publicity/Co-Statistician,
,,,,,
id,first_name,last_name,executive_year,executive_position,
,Chuck,Beaudoin,1991,President,
,Phil,Beaudoin,1991,Secretary/Umpires,
,Steve,Connor,1991,Treasurer,
,Jim,Bartlett,1991,Registrar,
,Wayne,Chisholm,1991,Sponsorship Coordinator,
,Bill,Bell,1991,Equipment,
,Dave,Stedman,1991,Travelling Team Convenor,
,Steve,Connor,1991,Ass't Travelling Team Convenor,
,Ed,Bril,1991,Tournament Chair,
,Cam,Lovelady,1991,Publicity/Statistician,
,Joe,Collins,1991,Social Convenor,
,,,,,
id,first_name,last_name,executive_year,executive_position,
,Phil,Beaudoin,1992,President,
,Chuck,Beaudoin,1992,VP/Tournament Convenor,
,Bob,Ishibashi,1992,House League Convenor,
,Bob,Munn,1992,Special Events Coordinator,
,Jim,Bartlett,1992,Registrar,
,Bill,Bell,1992,Equipment,
,Cam,Lovelady,1992,Publicity/Statistician,
,Dave,Stedman,1992,Masters' Convenor,
,Don,Alexander,1992,Travelling Team Convenor,
,Steve,Connor,1992,Treasurer/Ass't TTC,
,Chris,Dowdy,1992,Secretary,
,,,,,
id,first_name,last_name,executive_year,executive_position,
,Phil,Beaudoin,1993,President,
,Chuck,Beaudoin,1993,VP/Tournament Convenor,
,Bob,Ishibashi,1993,House League Convenor,
,Jim,Bartlett,1993,Registrar,
,Bill,Bell,1993,Equipment,
,Cam,Lovelady,1993,Publicity/Statistician,
,Dave,Stedman,1993,Masters' Convenor,
,Chuck,Beaudoin,1993,Travelling Team Convenor,
,Steve,Connor,1993,Treasurer/Ass't TTC,
,Chris,Dowdy,1993,Secretary,
,,,,,
id,first_name,last_name,executive_year,executive_position,
,Phil,Beaudoin,1994,President,
,Chuck,Beaudoin,1994,VP/Tournament Convenor,
,Phil,Beaudoin,1994,House League Convenor,
,Bob,Ishibashi,1994,House League Convenor,
,Wally,Cassell,1994,Special Events Co-ordinator,
,Bob,Ishibashi,1994,Registrar,
,Jim,Bartlett,1994,Equipment,
,Cam,Lovelady,1994,Publicity/Statistician,
,Dave,Stedman,1994,Masters' Convenor,
,Chuck,Beaudoin,1994,Travelling Team Convenor,
,Steve,Connor,1994,Treasurer,
,Chris,Dowdy,1994,Secretary,
,,,,,
id,first_name,last_name,executive_year,executive_position,
,Phil,Beaudoin,1995,President,
,Chuck,Beaudoin,1995,VP/Tournament Convenor,
,Phil,Beaudoin,1995,House League Convenor,
,Bob,Ishibashi,1995,House League Convenor,
,Tony,Gatto,1995,Special Events Co-ordinator,
,Bob,Ishibashi,1995,Registrar,
,Bob,Gill,1995,Equipment,
,Cam,Lovelady,1995,Publicity/Statistician,
,Dave,Stedman,1995,Masters' Convenor,
,Chuck,Beaudoin,1995,Travelling Team Convenor,
,Steve,Connor,1995,Treasurer/Ass't TTC,
,Scott,McLarty,1995,Secretary,
,,,,,
id,first_name,last_name,executive_year,executive_position,
,Steve,Connor,1996,President,
,Phil,Beaudoin,1996,Past President,
,Chuck,Beaudoin,1996,Vice President,
,Paul,Buono,1996,House League Convenor,
,Bob,Ishibashi,1996,Registrar,
,Bob,Gill,1996,Equipment Manager,
,Cam,Lovelady,1996,Statistician,
,Dave,Stedman,1996,Masters' Team Convenor,
,Nick,Caswell,1996,Travelling Teams' Convenor,
,Paul,Taylor,1996,Treasurer,
,Scott,McLarty,1996,Secretary,
,,,,,
id,first_name,last_name,executive_year,executive_position,
,Steve,Connor,1997,President,
,Chuck,Beaudoin,1997,Vice President,
,Ron,Crawford,1997,Secretary,
,Paul,Taylor,1997,Treasurer,
,Bob,Ishibashi,1997,Registrar,
,Paul,Buono,1997,House League Convenor,
,Nick,Caswell,1997,Travelling Teams' Convenor,
,Dave,Stedman,1997,Masters' Team Convenor,
,Bob,Gill,1997,Equipment Manager,
,Cam,Lovelady,1997,Statistician,
,Phil,Beaudoin,1997,Executive Officer,
,,,,,
id,first_name,last_name,executive_year,executive_position,
,Steve,Connor,1998,President,
,Chuck,Beaudoin,1998,Vice President,
,,,1998,Secretary,Ron Crawford or Doug Jackson?
,Paul,Taylor,1998,Treasurer,
,Bob,Ishibashi,1998,Registrar,
,Paul,Buono,1998,House League Convenor,
,,,1998,Travelling Teams' Convenor,Nick Caswell or Gary Thomas?
,Dave,Stedman,1998,Masters' Team Convenor,
,Bob,Gill,1998,Equipment Manager,
,,,1998,Statistician,Cam Lovelady or Pat Baldwin?
,Phil,Beaudoin,1998,Executive Officer,
,,,1998,Special Events Coordinator,Wayne Jessop?
,,,,,
id,first_name,last_name,executive_year,executive_position,
,Steve,Connor,1999,President,
,Chuck,Beaudoin,1999,Vice President,
,Doug,Jackson,1999,Secretary,
,Paul,Taylor,1999,Treasurer,
,Bob,Ishibashi,1999,Registrar,
,Phil,Beaudoin,1999,Executive Officer,
,Paul,Buono,1999,House League Convenor,
,Gary,Thomas,1999,Travelling Teams' Convenor,
,Dave,Stedman,1999,Masters' Team Convenor,
,Bob,Gill,1999,Equipment Manager,
,Pat,Baldwin,1999,Statistician,
,Wayne,Jessop,1999,Special Events Coordinator,
,,,,,
id,first_name,last_name,executive_year,executive_position,
,Steve,Connor,2000,President,
,Gary,Thomas,2000,Vice President,
,Doug,Jackson,2000,Secretary,
,Paul,Taylor,2000,Treasurer,
,Bob,Ishibashi,2000,Registrar,
,Phil,Beaudoin,2000,Executive Officer,
,Paul,Buono,2000,House League Convenor,
,Gary,Thomas,2000,Travelling Teams' Convenor,
,Dave,Stedman,2000,Masters' Team Convenor,
,Bob,Gill,2000,Equipment Manager,
,John,Pintaric,2000,Statistician,
,Wayne,Jessop,2000,Special Events Coordinator,
,,,,,
id,first_name,last_name,executive_year,executive_position,
,Gary,Thomas,2001,President,
,Phil,Beaudoin,2001,Vice President,
,Doug,Jackson,2001,Secretary,
,Paul,Taylor,2001,Treasurer,
,Bob,Ishibashi,2001,Registrar,
,Wayne,Jessop,2001,House League Convenor,
,Jim,Beach,2001,Travelling Teams' Convenor,
,Dave,Stedman,2001,Masters' Team Convenor,
,Bob,Gill,2001,Equipment Manager,
,John,Pintaric,2001,Statistician,
,Pat,Baldwin,2001,Special Events Coordinator,
,Steve,Connor,2001,Past President,
,,,,,
id,first_name,last_name,executive_year,executive_position,
,Phil,Beaudoin,2002,President,
,Bob,Spence,2002,Vice President,
,Doug,Jackson,2002,Secretary,
,Paul,Taylor,2002,Treasurer,
,Bob,Ishibashi,2002,Registrar,
,Wayne,Jessop,2002,House League Convenor,
,Jim,Beach,2002,Travelling Teams' Convenor,
,Dave,Stedman,2002,Masters' Team Convenor,
,Bob,Sorley,2002,Equipment Manager,
,John,Pintaric,2002,Statistician,
,Pat,Baldwin,2002,Special Events Coordinator,
,Gary,Thomas,2002,Past President,
,,,,,
id,first_name,last_name,executive_year,executive_position,
,Phil,Beaudoin,2003,President,
,Bob,Spence,2003,Vice President,
,Doug,Jackson,2003,Secretary,
,Paul,Taylor,2003,Treasurer,
,Bob,Ishibashi,2003,Registrar,
,Wayne,Jessop,2003,House League Convenor,
,Jim,Beach,2003,Travelling Teams' Convenor,
,Bob,Gill,2003,Equipment Manager,
,John,Pintaric,2003,Statistician,
,Pat,Baldwin,2003,Special Events Coordinator,
,Phil,Beaudoin,2003,Past President,
,,,,,
id,first_name,last_name,executive_year,executive_position,
,Phil,Beaudoin,2004,President,
,Mike,Filinski,2004,Vice President,
,Mike,D'Angelo,2004,Secretary,
,Paul,Taylor,2004,Treasurer,
,Bob,Ishibashi,2004,Registrar,
,Wayne,Jessop,2004,House League Convenor,
,Gary,Whalen,2004,Travelling Teams' Convenor,
,Bob,Gill,2004,Equipment Manager,
,John,Pintaric,2004,Statistician,
,Guy,Douglas,2004,Special Events Coordinator,
,Grant,Ostrosser,2004,Past President,
,,,,,
id,first_name,last_name,executive_year,executive_position,
,Phil,Beaudoin,2005,President,
,Mike,Filinski,2005,Vice President,
,Mike,D'Angelo,2005,Secretary,
,Paul,Taylor,2005,Treasurer,
,Bob,Ishibashi,2005,Registrar,
,Wayne,Jessop,2005,House League Convenor,
,Todd,Breedon,2005,Travelling Teams' Convenor,
,Bob,Gill,2005,Masters' Team Convenor,
,John,Pintaric,2005,Equipment Manager,
,Guy,Douglas,2005,Statistician,
,Grant,Ostrosser,2005,Special Events Coordinator,
,Gary,Whalen,2005,Executive Officer,
,,,,,
id,first_name,last_name,executive_year,executive_position,
,Mike,Filinski,2006,President,
,Phil,Beaudoin,2006,Past President,
,Todd,Breedon,2006,Vice President,
,vacant,vacant,2006,Secretary,
,Paul,Taylor,2006,Treasurer,
,Brian,Stirling,2006,Registrar,
,Jim,Coons,2006,House League Convenor,
,Vern,Wilson,2006,Travelling Teams' Convenor,
,Gary,Whalen,2006,Equipment Manager,
,John,Pintaric,2006,Statistician,
,Guy,Douglas,2006,Special Events Coordinator,
,Grant,Ostrosser,2006,Youngtimers' Convenor,
,,,,,
id,first_name,last_name,executive_year,executive_position,
,Mike,Filinski,2007,President,
,Phil,Beaudoin,2007,Past President,
,Todd,Breedon,2007,Vice President,
,Paul,Taylor,2007,Treasurer,
,Doug,Duke,2007,Secretary,
,Brian,Stirling,2007,Registrar,
,Jim,Coons,2007,House League Convenor,
,Jim,Bartlett,2007,Travelling Teams' Convenor,
,vacant,vacant,,Youngtimers Convenor,
,Gary,Whalen,2007,Equipment Manager,
,John,Pintaric,2007,Statistician,
,Don,Murray,2007,Special Events Coordinator,
,,,,,
id,first_name,last_name,executive_year,executive_position,
,Mike,Filinski,2008,President,
,Phil,Beaudoin,2008,Executive Officer,
,Gary,Whalen,2008,Vice President,
,Paul,Taylor,2008,Treasurer,
,Dave,St. Martin,2008,Secretary,
,Jim,Coons,2008,Operations Manager,
,John,Pintaric,2008,Operations Manager,
,,,,,
id,first_name,last_name,executive_year,executive_position,
,Mike,Filinski,2009,President,
,Doug,Jackson,2009,Past President,
,Gary,Whalen,2009,Vice President,
,Paul,Taylor,2009,Treasurer,
,Dave,St. Martin,2009,Secretary,
,Phil,Beaudoin,2009,Baseball Operations Manager,
,John,Pintaric,2009,Business Operations Manager,
,,,,,
id,first_name,last_name,executive_year,executive_position,
,Mike,Filinski,2010,President,
,Phil,Beaudoin,2010,Past President,
,Dave,Cole,2010,Executive Officer,
,Wally,Cassell,2010,Vice President,
,Paul,Taylor,2010,Treasurer,
,Dave,St. Martin,2010,Secretary,
,John,Pintaric,2010,Statistician,
,Ted,Fauteux,2010,Business Operations Manager,
,,,,,
id,first_name,last_name,executive_year,executive_position,
,Mike,Filinski,2011,President,
,Rob,Mizgala,2011,Executive Officer,
,Joe,Gerrior,2011,Vice President,
,Paul,Taylor,2011,Treasurer,
,Dave,St. Martin,2011,Secretary,
,Ted,Fauteux,2011,Business Operations Manager,
,,,,,
id,first_name,last_name,executive_year,executive_position,
,Mike,Filinski,2012,President,
,Rob,Mizgala,2012,Executive Officer,
,Joe,Gerrior,2012,Vice President,
,Paul,Taylor,2012,Treasurer,
,Dave,St. Martin,2012,Secretary,
,vacant,vacant,2012,Baseball Operations Manager,
,Ted,Fauteux,2012,Business Operations Manager,
,,,,,
id,first_name,last_name,executive_year,executive_position,
,Joe,Gerrior,2013,President,
,Rob,Mizgala,2013,Executive Officer,
,Wayne,Powell,2013,Vice President,
,Paul,Taylor,2013,Treasurer,
,Dave,St. Martin,2013,Secretary,
,vacant,vacant,2013,Baseball Operations Manager,
,Ted,Fauteux,2013,Business Operations Manager,
,,,,,
id,first_name,last_name,executive_year,executive_position,
,Corey,Beaudoin,2014,Interim President,
,Mike,Filinski,2014,Past President,
,Wayne,Powell,2014,Vice President,
,Paul,Taylor,2014,Treasurer,
,Dave,St. Martin,2014,Secretary,
,Rob,Mizgala,2014,Baseball Operations Manager,
,Scott,Low,2014,Business Operations Manager,
,,,,,
id,first_name,last_name,executive_year,executive_position,
,Vern,Kraynick,2015,President,
,Mike,Filiniski,2015,Past President,
,Wayne,Powell,2015,Vice President,
,Paul,Taylor,2015,Treasurer,
,Dave,St. Martin,2015,Secretary,
,Gary,Thomas,2015,Operations Manager,
,Rob,Mizgala,2015,Executive Officer,
,Phil,Beaudoin,2015,Commissioner,
,,,,,
id,first_name,last_name,executive_year,executive_position,
,Vern,Kraynick,2016,President,
,Mike,Filinski,2016,Past President,
,Wayne,Powell,2016,Vice President,
,Paul,Taylor,2016,Treasurer,
,Dave,St. Martin,2016,Secretary,
,Gary,Thomas,2016,Operations Manager,
,Brad,LaBelle,2016,Executive Officer,
,Phil,Beaudoin,2016,Commissioner,
,,,,,
id,first_name,last_name,executive_year,executive_position,
,Phil,Beaudoin,2017,President,
,Vern,Kraynick,2017,Past President,
,Mike,Filinski,2017,Executive Officer,
,Wayne,Powell,2017,Vice President,
,Paul,Taylor,2017,Treasurer,
,Dave,St. Martin,2017,Secretary,
,Brad,LaBelle,2017,Operations Manager,
,,,,,
id,first_name,last_name,executive_year,executive_position,
,Cory,Beaudoin,2018,President,
,Mike,Filinski,2018,Past President,
,Phil,Beaudoin,2018,Executive Officer,
,Wayne,Powell,2018,Vice President,
,Paul,Taylor,2018,Treasurer,
,Dave,St. Martin,2018,Secretary,
,Brad,LaBelle,2018,Operations Manager,
,,,,,
id,first_name,last_name,executive_year,executive_position,
,Cory,Beaudoin,2019,President,
,Wayne,Powell,2019,Vice President,
,Paul,Taylor,2019,Treasurer,
,Dave,St. Martin,2019,Secretary,
,Dave,Bush,2019,Baseball Operations Manager,
,Gary,Thomas,2019,Business Operations Manager,
,,,,,
id,first_name,last_name,executive_year,executive_position,
,Dave,St. Martin,2021,President,
,Wayne,Powell,2021,Vice President,
,Paul,Taylor,2021,Treasurer,
,Dana,Bush,2021,Secretary,
,Dave,Bush,2021,Baseball Operations Manager,
,Carlos,Duchesne,2021,Business Operations Manager,
,,,,,
id,first_name,last_name,executive_year,executive_position,
,Dave,St. Martin,2022,President,
,Wayne,Powell,2022,Vice President,
,Paul,Taylor,2022,Treasurer,
,Dana,Bush,2022,Secretary,
,Dave,Bush,2022,Baseball Operations Manager,
,Carlos,Duchesne,2022,Business Operations Manager,
,,,,,
id,first_name,last_name,executive_year,executive_position,
,Dave,St. Martin,2023,President,
,Wayne,Powell,2023,Vice President,
,Paul,Taylor,2023,Treasurer,
,Jun,Kim,2023,Secretary,
,Dave,Bush,2023,Baseball Operations Manager,
,Carlos,Duchesne,2023,Business Operations Manager,
,Phil,Kraynick,2023,Executive Officer,
,,,,,
id,first_name,last_name,executive_year,executive_position,
,Dave,St. Martin,2024,President,
,Wayne,Powell,2024,Vice President,
,Paul,Taylor,2024,Treasurer,
,Jun,Kim,2024,Secretary,
,Dave,Malcomson-Morris,2024,Baseball Operations Manager,
,Aaron,Addison,2024,Business Operations Manager,
,Phil,Kraynick,2024,Executive Officer,
,,,,,
id,first_name,last_name,executive_year,executive_position,
,Dave,St. Martin,2025,President,
,Wayne,Powell,2025,Vice President,
,Paul,Taylor,2025,Treasurer,
,Jun,Kim,2025,Secretary,
,Jordan,Hearn,2025,Baseball Operations Manager,
,Aaron,Addison,2025,Business Operations Manager,
,Phil,Kraynick,2025,Executive Officer,
,,,,,
id,first_name,last_name,executive_year,executive_position,
,Dave,St. Martin,2026,President,
,Wayne,Powell,2026,Vice President,
,Paul,Taylor,2026,Treasurer,
,Jun,Kim,2026,Secretary,
,Jordan,Hearn,2026,Baseball Operations Manager,
,Aaron,Addison,2026,Business Operations Manager,
,Phil,Kraynick,2026,Executive Officer,