game_id,inning,home_runs,away_runs
22505771,1,0,1
22505771,2,0,2
22505771,3,0,3
22505771,4,0,0
22505771,5,0,2
22505771,6,0,0
22505771,7,0,0
22505771,8,6,0
22505771,9,0,0
22505768,1,2,0
22505768,2,0,2
22505768,3,2,0
22505768,4,0,1
22505768,5,0,1
22505768,6,0,1
22505768,7,5,1
22505768,8,0,0
22505768,9,0,0
22505769,1,1,0
22505769,2,0,3
22505769,3,3,0
22505769,4,1,5
22505769,5,0,1
22505769,6,0,0
22505769,7,1,1
22505769,8,1,0
22505774,1,0,4
22505774,2,0,1
22505774,3,2,2
22505774,4,2,3
22505774,5,2,0
22505774,6,1,0
22505774,7,1,0
22505772,1,0,1
22505772,2,0,2
22505772,3,3,0
22505772,4,0,0
22505772,5,0,0
22505772,6,1,0
22505773,1,0,0
22505773,2,2,0
22505773,3,0,0
22505773,4,2,0
22505773,5,2,0
22505773,6,0,1
22505779,1,2,1
22505779,2,0,2
22505779,3,0,4
22505779,4,0,0
22505779,5,1,0
22505779,6,1,0
22505779,7,1,0
22505779,8,0,6
22505779,9,0,0
22505778,1,0,2
22505778,2,0,1
22505778,3,3,0
22505778,4,1,0
22505778,5,1,0
22505778,6,5,1
22505778,7,0,0
22505778,8,2,6
22505778,9,0,1
22505777,1,1,3
22505777,2,0,0
22505777,3,0,0
22505777,4,0,0
22505777,5,2,1
22505777,6,0,2
22505777,7,6,2
22505777,8,0,1
22505777,9,0,0
22505782,1,1,5
22505782,2,0,4
22505782,3,5,1
22505782,4,0,4
22505782,5,0,0
22505782,6,3,0
22505782,7,0,2
22505782,8,0,0
22505782,9,0,0
22505783,1,1,2
22505783,2,5,1
22505783,3,5,0
22505783,4,0,4
22505783,5,3,4
22505783,6,6,2
22505783,7,0,0
22505783,8,0,1
22505783,9,0,0
22505781,1,0,2
22505781,2,0,1
22505781,3,2,0
22505781,4,2,4
22505781,5,0,0
22505781,6,0,3
22505781,7,1,4
22511150,1,0,0
22511150,2,3,0
22511150,3,0,0
22511150,4,0,4
22511150,5,2,2
22511150,6,5,0
22511150,7,1,0
22511150,8,1,1
22511150,9,0,0
22511152,1,3,4
22511152,2,1,1
22511152,3,2,1
22511152,4,3,1
22511152,5,0,1
22511152,6,3,0
22511152,7,3,0
22511152,8,6,2
22511152,9,0,0
22511151,1,0,1
22511151,2,0,4
22511151,3,0,3
22511151,4,0,4
22511151,5,5,2
22511151,6,2,0
22511151,7,2,5
22511153,1,0,0
22511153,2,1,2
22511153,3,0,0
22511153,4,1,0
22511153,5,6,1
22511153,6,0,0
22511153,7,0,6
22511153,8,1,0
22511153,9,0,0
22511154,1,0,6
22511154,2,1,2
22511154,3,1,2
22511154,4,0,0
22511154,5,2,0
22511154,6,0,1
22511154,7,1,6
22511155,1,4,3
22511155,2,0,0
22511155,3,0,3
22511155,4,0,1
22511155,5,0,3
22511155,6,3,1
22511155,7,0,0
22511155,8,2,2
22511155,9,2,0
22511156,1,2,1
22511156,2,0,0
22511156,3,0,0
22511156,4,0,0
22511156,5,0,1
22511156,6,0,5
22511156,7,0,2
22511156,8,0,6
22511159,1,0,3
22511159,2,0,0
22511159,3,0,1
22511159,4,0,0
22511159,5,0,0
22511159,6,0,0
22511159,7,0,1
22511159,8,0,0
22511159,9,0,0
22511157,1,1,1
22511157,2,1,2
22511157,3,4,3
22511157,4,0,1
22511157,5,0,0
22511157,6,4,2
22511157,7,3,6
22511157,8,0,0
22511160,1,0,1
22511160,2,2,0
22511160,3,0,6
22511160,4,1,4
22511160,5,3,5
22511160,6,3,4
22511160,7,0,0
22511161,1,1,4
22511161,2,0,1
22511161,3,2,0
22511161,4,3,1
22511161,5,1,0
22511161,6,0,3
22511161,7,0,0
22511161,8,0,1
22511161,9,0,1
22511162,1,4,0
22511162,2,0,0
22511162,3,6,0
22511162,4,1,0
22511162,5,6,2
22511162,6,6,0
22511162,7,1,2
22511162,8,0,0
22511162,9,0,1
22511165,1,1,1
22511165,2,0,4
22511165,3,1,3
22511165,4,2,4
22511165,5,6,6
22511165,6,2,1
22504901,1,0,0
22504901,2,1,0
22504901,3,0,1
22504901,4,1,2
22504901,5,0,4
22504901,6,1,1
22504901,7,0,2
22504901,8,0,6
22504901,9,1,0
22511164,1,6,2
22511164,2,6,0
22511164,3,0,0
22511164,4,0,6
22511164,5,6,0
22511164,6,0,4
22511164,7,0,0
22511164,8,0,6
22511168,1,2,0
22511168,2,6,0
22511168,3,1,2
22511168,4,1,0
22511168,5,1,0
22511168,6,0,0
22511168,7,0,0
22511166,1,3,5
22511166,2,2,1
22511166,3,1,2
22511166,4,6,2
22511166,5,0,1
22511167,1,5,0
22511167,2,4,5
22511167,3,0,6
22511167,4,2,1
22511167,5,0,1
22511167,6,0,2
22511170,1,1,4
22511170,2,1,2
22511170,3,1,0
22511170,4,3,1
22511170,5,6,3
22511170,6,1,0
22511170,7,3,2
22511170,8,4,1
22511170,9,0,1
22511169,1,0,3
22511169,2,3,1
22511169,3,6,0
22511169,4,0,1
22511169,5,0,0
22511169,6,0,0
22511169,7,1,1
22511169,8,0,0
22511169,9,0,0
22511171,1,0,6
22511171,2,6,4
22511171,3,0,0
22511171,4,1,0
22511171,5,0,0
22511171,6,0,1
22511171,7,0,1
22511171,8,4,1
22511171,9,0,0
22511175,1,0,0
22511175,2,0,3
22511175,3,1,0
22511175,4,0,2
22511175,5,3,1
22511175,6,0,6
22511175,7,1,6
22511175,8,1,2
22511177,1,6,6
22511177,2,0,0
22511177,3,0,2
22511177,4,1,0
22511177,5,0,2
22511177,6,0,3
22511177,7,1,0
22511177,8,1,0
22511177,9,0,3
22511185,1,3,0
22511185,2,0,0
22511185,3,0,0
22511185,4,2,0
22511185,5,0,0
22511185,6,2,6
22511185,7,0,2
22511185,8,0,0
22511185,9,0,0
22511184,1,1,0
22511184,2,0,1
22511184,3,1,2
22511184,4,1,2
22511184,5,0,6
22511184,6,0,0
22511184,7,0,6
22511184,8,3,0
22511186,1,6,1
22511186,2,0,0
22511186,3,4,0
22511186,4,0,1
22511186,5,6,6
22511186,6,1,0
22511186,7,0,0
22511186,8,3,0
22511186,9,0,0
22511189,1,1,0
22511189,2,0,3
22511189,3,0,4
22511189,4,2,1
22511189,5,0,0
22511189,6,1,0
22511189,7,0,5
22511188,1,3,2
22511188,2,0,3
22511188,3,1,2
22511188,4,3,1
22511188,5,0,0
22511188,6,2,1
22511188,7,0,0
22511188,8,2,0
22511188,9,1,4
22511187,1,1,1
22511187,2,3,0
22511187,3,1,2
22511187,4,1,1
22511187,5,3,4
22511187,6,0,1
22511187,7,0,0
22511187,8,0,1
22511192,1,0,0
22511192,2,0,0
22511192,3,1,3
22511192,4,0,0
22511192,5,1,0
22511192,6,0,0
22511192,7,1,0
22511192,8,1,1
22511192,9,0,0
22511190,1,4,0
22511190,2,0,1
22511190,3,0,0
22511190,4,0,2
22511190,5,1,3
22511190,6,5,6
22511190,7,1,1
22511190,8,1,0
22511190,9,2,0
22511191,1,3,4
22511191,2,0,1
22511191,3,1,0
22511191,4,0,0
22511191,5,4,0
22511191,6,0,2
22511191,7,2,0
22511191,8,0,5
22511191,9,0,1
22877814,1,2,2
22877814,2,0,3
22877814,3,0,5
22877814,4,3,3
22877814,5,0,0
22877814,6,5,0
22877813,1,1,5
22877813,2,2,0
22877813,3,0,0
22877813,4,3,2
22877813,5,0,0
22877813,6,0,0
22877813,7,0,2
22877813,8,0,0
22877813,9,4,0
23732814,1,4,2
23732814,2,1,2
23732814,3,1,0
23732814,4,2,1
23732814,5,4,0
23732814,6,5,0
23732814,7,0,4
23732814,8,5,0
23732814,9,0,0
23732821,1,1,4
23732821,2,0,0
23732821,3,1,0
23732821,4,0,0
23732821,5,0,4
23732821,6,0,2
23732821,7,0,1
23732821,8,3,1
23732821,9,0,2
23732820,1,0,2
23732820,2,1,0
23732820,3,0,1
23732820,4,4,1
23732820,5,0,0
23732820,6,0,0
23732820,7,0,1
23732820,8,1,1
23732820,9,0,0
23732820,10,0,0
23732820,11,1,0
23732832,1,0,0
23732832,2,1,0
23732832,3,2,1
23732832,4,1,3
23732832,5,0,0
23732832,6,2,0
23732832,7,2,0
23732832,8,5,1
23732832,9,0,2
23628511,1,0,4
23628511,2,4,1
23628511,3,0,1
23628511,4,0,1
23628511,5,0,6
23628511,6,1,3
23628511,7,5,5
23628511,8,0,0
23628510,1,2,0
23628510,2,0,0
23628510,3,0,0
23628510,4,0,5
23628510,5,1,0
23628510,6,0,0
23628510,7,0,1
23628510,8,4,0
23628510,9,0,3
23628509,1,0,1
23628509,2,1,0
23628509,3,2,0
23628509,4,5,0
23628509,5,0,1
23628509,6,0,3
23628509,7,0,0
23628509,8,0,0
23628509,9,0,3
23628512,1,5,0
23628512,2,0,0
23628512,3,0,1
23628512,4,2,0
23628512,5,1,0
23628512,6,1,0
23628512,7,0,0
23628512,8,3,2
23628512,9,0,0
23628579,1,1,2
23628579,2,0,0
23628579,3,1,0
23628579,4,3,3
23628579,5,0,3
23628579,6,4,6
23628579,7,0,5
23628578,1,2,0
23628578,2,0,0
23628578,3,0,0
23628578,4,2,0
23628578,5,0,0
23628578,6,0,3
23628578,7,1,0
23628578,8,0,0
23628580,1,3,2
23628580,2,0,0
23628580,3,1,2
23628580,4,4,2
23628580,5,0,0
23628580,6,6,0
23628580,7,0,0
23628577,1,5,0
23628577,2,1,0
23628577,3,0,0
23628577,4,0,0
23628577,5,3,0
23628577,6,0,3
23628577,7,2,1
23628577,8,6,4
23628577,9,0,1
23628597,1,0,0
23628597,2,0,6
23628597,3,2,0
23628597,4,3,2
23628597,5,2,3
23628597,6,0,0
23628597,7,0,2
23628597,8,0,5
23628596,1,2,1
23628596,2,0,0
23628596,3,3,0
23628596,4,1,6
23628596,5,1,0
23628596,6,0,0
23628596,7,0,1
23628596,8,0,0
23628594,1,0,6
23628594,2,3,4
23628594,3,0,4
23628594,4,2,5
23628594,5,0,0
23628594,6,2,3
23628595,1,3,1
23628595,2,0,1
23628595,3,0,1
23628595,4,5,2
23628595,5,0,2
23628595,6,4,0
23628595,7,6,0
23628595,8,0,4
23628606,1,0,0
23628606,2,1,0
23628606,3,1,5
23628606,4,1,0
23628606,5,0,2
23628606,6,2,0
23628606,7,1,1
23628605,1,0,3
23628605,2,0,1
23628605,3,0,0
23628605,4,1,0
23628605,5,1,1
23628605,6,0,1
23628608,1,0,1
23628608,2,0,0
23628608,3,1,0
23628608,4,2,0
23628608,5,0,2
23628608,6,0,1
23628608,7,0,0
23628619,1,0,0
23628619,2,0,0
23628619,3,0,0
23628619,4,0,0
23628619,5,0,2
23628619,6,0,0
23628619,7,0,1
23628619,8,6,0
23628619,9,0,0
23628616,1,2,2
23628616,2,0,2
23628616,3,1,0
23628616,4,0,0
23628616,5,1,0
23628616,6,0,0
23628616,7,5,0
23628616,8,0,2
23628623,1,3,2
23628623,2,0,0
23628623,3,0,1
23628623,4,1,3
23628623,5,1,0
23628623,6,0,1
23628623,7,2,2
23628623,8,4,1
23628625,1,0,4
23628625,2,0,5
23628625,3,0,0
23628625,4,0,0
23628625,5,0,2
23628625,6,2,1
23628625,7,0,0
23628622,1,1,3
23628622,2,0,1
23628622,3,6,0
23628622,4,0,5
23628622,5,1,1
23628622,6,2,2
23628622,7,0,1
23628622,8,3,0
23628624,1,0,1
23628624,2,0,0
23628624,3,0,1
23628624,4,0,1
23628624,5,0,0
23628624,6,1,1
23628624,7,1,0
23628624,8,2,0
23628624,9,2,4
23628629,1,3,4
23628629,2,1,3
23628629,3,2,0
23628629,4,4,0
23628629,5,5,0
23628629,6,3,0
23628629,7,0,0
23628629,8,0,0
23628632,1,3,1
23628632,2,5,0
23628632,3,6,0
23628632,4,0,2
23628632,5,0,3
23628632,6,4,0
23628632,7,0,3
23628630,1,1,0
23628630,2,2,0
23628630,3,1,3
23628630,4,0,0
23628630,5,0,1
23628630,6,1,1
23628630,7,0,0
23628631,1,2,2
23628631,2,0,0
23628631,3,1,2
23628631,4,1,3
23628631,5,1,4
23628631,6,1,0
23628631,7,2,0
23628631,8,0,0
23628631,9,4,0
23628669,1,0,0
23628669,2,0,2
23628669,3,0,4
23628669,4,1,0
23628669,5,2,0
23628669,6,2,2
23628669,7,3,2
23628669,8,0,2
23628670,1,0,0
23628670,2,4,3
23628670,3,4,2
23628670,4,6,0
23628670,5,0,1
23628670,6,0,1
23628670,7,3,4
23628671,1,0,2
23628671,2,0,6
23628671,3,0,5
23628671,4,1,5
23628671,5,0,0
23628671,6,0,4
23628671,7,1,2
23628683,1,0,6
23628683,2,1,3
23628683,3,0,3
23628683,4,6,0
23628683,5,3,0
23628683,6,0,4
23628683,7,2,2
23628682,1,2,0
23628682,2,1,1
23628682,3,1,2
23628682,4,1,0
23628682,5,0,1
23628682,6,0,1
23628682,7,0,0
23628682,8,0,3
23628681,1,1,5
23628681,2,0,0
23628681,3,3,0
23628681,4,0,2
23628681,5,0,2
23628681,6,2,0
23628681,7,2,0
23628681,8,5,0
23628681,9,0,0
23628692,1,0,2
23628692,2,0,0
23628692,3,0,1
23628692,4,0,3
23628692,5,1,0
23628692,6,4,0
23628692,7,5,0
23628692,8,4,0
23628692,9,0,1
23628693,1,0,2
23628693,2,0,2
23628693,3,0,5
23628693,4,1,6
23628693,5,0,3
23628693,6,0,1
23628693,7,0,5
23628693,8,1,2
23628693,9,0,3
23628694,1,6,0
23628694,2,3,0
23628694,3,1,2
23628694,4,2,0
23628694,5,1,0
23628694,6,3,6
23628694,7,6,1
23628694,8,1,0
23628694,9,0,0
23628710,1,3,4
23628710,2,1,6
23628710,3,4,0
23628710,4,1,1
23628710,5,7,4
23628709,1,2,2
23628709,2,5,0
23628709,3,4,0
23628709,4,1,2
23628709,5,1,4
23628709,6,1,2
23628709,7,0,1
23628709,8,2,6
23628707,1,3,0
23628707,2,0,0
23628707,3,2,0
23628707,4,6,1
23628707,5,0,2
23628707,6,0,5
23628707,7,4,0
23628707,8,2,0
23628707,9,0,1
23628708,1,2,1
23628708,2,1,0
23628708,3,0,4
23628708,4,0,1
23628708,5,4,0
23628708,6,2,1
23628708,7,0,0
23628708,8,0,0
23628708,9,0,0
25051844,1,0,0
25051844,2,0,0
25051844,3,0,6
25051844,4,2,0
25051844,5,2,0
25051844,6,0,0
25051844,7,1,1
25051844,8,0,0
25051847,1,6,0
25051847,2,1,2
25051847,3,2,1
25051847,4,1,0
25051847,5,0,0
25051847,6,0,0
25051847,7,2,1
25051847,8,0,3
25051845,1,0,0
25051845,2,1,0
25051845,3,0,0
25051845,4,6,6
25051845,5,1,0
25051845,6,6,1
25051845,7,1,0
25051845,8,3,3
25051845,9,0,5
25051846,1,1,0
25051846,2,1,0
25051846,3,0,1
25051846,4,6,4
25051846,5,0,0
25051846,6,5,3
25051846,7,0,6
25051846,8,2,3
25051861,1,2,2
25051861,2,2,0
25051861,3,0,1
25051861,4,0,1
25051861,5,3,4
25051861,6,3,4
25051861,7,1,4
25051860,1,0,0
25051860,2,2,5
25051860,3,2,0
25051860,4,4,0
25051860,5,1,0
25051860,6,4,1
25051860,7,0,0
25051860,8,0,0
25051860,9,0,0
25051859,1,0,6
25051859,2,0,0
25051859,3,1,2
25051859,4,1,5
25051859,5,3,3
25051859,6,2,6
25051859,7,8,2
25051858,1,0,1
25051858,2,0,0
25051858,3,1,1
25051858,4,1,0
25051858,5,1,0
25051858,6,1,1
25051858,7,0,1
25051858,8,2,0
25051858,9,0,1
25051870,1,4,6
25051870,2,2,0
25051870,3,1,1
25051870,4,2,6
25051870,5,0,4
25051870,6,0,0
25051870,7,1,1
25051871,1,1,6
25051871,2,0,3
25051871,3,0,3
25051871,4,6,4
25051871,5,2,2
25051871,6,2,0
25051871,7,0,1
25051871,8,0,0
25051871,9,0,1
25051868,1,1,1
25051868,2,0,0
25051868,3,6,4
25051868,4,1,1
25051868,5,3,0
25051868,6,3,0
25051868,7,0,0
25051868,8,0,5
25051869,1,1,1
25051869,2,0,2
25051869,3,4,0
25051869,4,0,2
25051869,5,2,0
25051869,6,4,0
25051869,7,0,0
25051869,8,2,1
25051869,9,0,2
25327960,1,3,0
25327960,2,0,0
25327960,3,0,0
25327960,4,0,5
25327960,5,0,3
25327960,6,0,6
25327960,7,6,1
25327960,8,0,3
25327961,1,3,4
25327961,2,2,0
25327961,3,1,0
25327961,4,6,0
25327961,5,0,0
25327961,6,6,0
25327961,7,6,0
25327961,8,0,3
25327961,9,0,1
25327963,1,2,0
25327963,2,0,2
25327963,3,0,3
25327963,4,3,3
25327963,5,0,1
25327963,6,2,0
25327963,7,2,1
25327963,8,0,0
25327963,9,2,0
25327959,1,2,1
25327959,2,0,0
25327959,3,6,0
25327959,4,2,1
25327959,5,3,0
25327959,6,3,0
25327959,7,0,2
25327959,8,0,2
25327945,1,2,2
25327945,2,0,5
25327945,3,0,4
25327945,4,0,0
25327945,5,0,4
25327945,6,0,1
25327945,7,3,0
25327943,1,0,0
25327943,2,0,1
25327943,3,0,2
25327943,4,2,0
25327943,5,0,0
25327943,6,0,0
25327943,7,0,0
25327943,8,0,0
25327943,9,0,1
25327942,1,1,0
25327942,2,1,1
25327942,3,3,1
25327942,4,0,4
25327942,5,2,4
25327942,6,3,2
25327942,7,3,0
25327944,1,2,2
25327944,2,0,4
25327944,3,4,2
25327944,4,2,6
25327944,5,0,0
25327944,6,1,0
25327944,7,0,1
25327944,8,2,2
25353322,1,3,4
25353322,2,0,2
25353322,3,4,1
25353322,4,4,5
25353322,5,0,1
25353322,6,0,3
25353322,7,1,1
25353320,1,1,5
25353320,2,3,2
25353320,3,0,2
25353320,4,3,0
25353320,5,1,2
25353320,6,3,0
25353320,7,1,0
25353323,1,6,3
25353323,2,2,4
25353323,3,0,0
25353323,4,0,0
25353323,5,1,1
25353323,6,0,4
25353323,7,0,0
25353323,8,2,0
25353321,1,2,1
25353321,2,1,0
25353321,3,3,2
25353321,4,6,1
25353321,5,5,0
25353321,6,6,0
25353321,7,6,0
25353321,8,0,1
25353327,1,1,3
25353327,2,0,0
25353327,3,2,1
25353327,4,0,0
25353327,5,0,0
25353327,6,3,0
25353327,7,0,2
25353327,8,0,2
25353327,9,1,1
25353326,1,6,0
25353326,2,0,0
25353326,3,2,1
25353326,4,0,6
25353326,5,0,0
25353326,6,0,1
25353326,7,1,2
25353326,8,0,2
25353324,1,0,4
25353324,2,0,0
25353324,3,0,0
25353324,4,0,0
25353324,5,0,1
25353324,6,1,1
25353324,7,4,1
25353324,8,0,0
25353324,9,0,2
25353325,1,0,0
25353325,2,1,6
25353325,3,0,0
25353325,4,1,0
25353325,5,0,0
25353325,6,1,0
25353325,7,2,1
25353325,8,0,2
25353334,1,0,2
25353334,2,2,0
25353334,3,0,2
25353334,4,3,1
25353334,5,2,3
25353334,6,2,4
25353334,7,1,5
25353334,8,0,2
25353336,1,0,5
25353336,2,0,1
25353336,3,0,2
25353336,4,0,1
25353336,5,0,0
25353336,6,0,0
25353336,7,0,0
25353336,8,1,1
25353336,9,1,0
25353335,1,1,0
25353335,2,0,5
25353335,3,0,0
25353335,4,0,0
25353335,5,4,0
25353335,6,1,0
25353335,7,3,0
25353335,8,1,2
25353339,1,4,1
25353339,2,0,0
25353339,3,0,4
25353339,4,0,0
25353339,5,1,0
25353339,6,2,1
25353340,1,0,6
25353340,2,1,1
25353340,3,0,0
25353340,4,1,3
25353340,5,0,0
25353340,6,2,1
25353341,1,3,0
25353341,2,3,0
25353341,3,0,0
25353341,4,6,0
25353341,5,1,0
25353341,6,0,1
25353342,1,4,2
25353342,2,0,0
25353342,3,1,3
25353342,4,0,0
25353342,5,6,0
25353342,6,4,1
25353343,1,3,5
25353343,2,2,0
25353343,3,0,0
25353343,4,3,1
25353343,5,4,2
25353343,6,2,0
25353343,7,1,5
25353343,8,0,0
25353345,1,2,0
25353345,2,0,1
25353345,3,3,1
25353345,4,1,4
25353345,5,0,0
25353345,6,1,2
25353345,7,1,6
25353346,1,4,1
25353346,2,5,0
25353346,3,0,0
25353346,4,2,1
25353346,5,0,1
25353346,6,3,0
25424567,1,6,3
25424567,2,0,4
25424567,3,1,0
25424567,4,0,1
25424567,5,2,6
25424567,6,0,4
25424567,7,1,0
25424569,1,1,1
25424569,2,1,1
25424569,3,2,1
25424569,4,0,2
25424569,5,3,3
25424569,6,0,1
25424569,7,1,2
25424570,1,1,0
25424570,2,1,0
25424570,3,0,0
25424570,4,5,1
25424570,5,1,2
25424570,6,4,0
25424570,7,0,3
25424570,8,0,1
25424570,9,0,0
25424568,1,2,2
25424568,2,0,0
25424568,3,0,1
25424568,4,0,1
25424568,5,1,5
25424568,6,0,0
25424568,7,6,2
25424568,8,0,0
25547669,1,0,0
25547669,2,0,0
25547669,3,0,0
25547669,4,0,0
25547669,5,0,0
25547669,6,0,0
25547669,7,0,0
25547669,8,0,0
25547669,9,0,0
25547670,1,4,1
25547670,2,5,0
25547670,3,6,0
25547670,4,0,0
25547670,5,1,0
25547670,6,0,2
25547670,7,0,2
25547670,8,0,0
25547672,1,3,0
25547672,2,0,1
25547672,3,1,0
25547672,4,3,3
25547672,5,1,0
25547672,6,0,1
25547672,7,2,0
25547672,8,3,0
25547672,9,0,0
25547671,1,1,0
25547671,2,2,0
25547671,3,5,0
25547671,4,2,2
25547671,5,1,0
25547671,6,0,0
25547671,7,0,6
25547671,8,0,1
25547671,9,0,5
25577485,1,2,0
25577485,2,1,0
25577485,3,6,0
25577485,4,3,1
25577485,5,4,0
25577485,6,0,0
25577485,7,0,0
25577485,8,1,6
25577485,9,0,0
25577484,1,6,1
25577484,2,0,0
25577484,3,6,1
25577484,4,6,2
25577484,5,0,0
25577484,6,0,0
25577484,7,0,3
25577484,8,0,0
25577484,9,0,0
25603820,1,1,0
25603820,2,0,0
25603820,3,1,0
25603820,4,1,0
25603820,5,1,1
25603820,6,0,3
25603820,7,0,4
25603820,8,1,6
25603820,9,2,2
26479525,1,2,0
26479525,2,0,0
26479525,3,5,0
26479525,4,1,0
26479525,5,1,0
26479525,6,0,0
26479525,7,0,5
26479525,8,0,0
26479525,9,0,0
26479518,1,0,2
26479518,2,0,1
26479518,3,0,4
26479518,4,1,4
26479518,5,0,1
26479518,6,0,0
26479518,7,1,0
26480072,1,0,0
26480072,2,0,0
26480072,3,1,1
26480072,4,2,5
26480072,5,2,0
26480072,6,6,1
26480072,7,2,6
26480072,8,1,0
26480073,1,0,3
26480073,2,0,0
26480073,3,1,4
26480073,4,0,6
26480073,5,1,0
26480073,6,0,3
26480073,7,0,0
26480073,8,3,5
26480074,1,2,0
26480074,2,0,0
26480074,3,6,3
26480074,4,0,0
26480074,5,0,0
26480074,6,1,0
26480074,7,2,0
26480074,8,0,0
26480074,9,0,4
26480083,1,0,1
26480083,2,1,0
26480083,3,0,1
26480083,4,0,1
26480083,5,0,0
26480083,6,4,1
26480083,7,2,4
26480083,8,4,0
26480083,9,0,4
26480082,1,0,0
26480082,2,0,2
26480082,3,0,0
26480082,4,0,1
26480082,5,0,0
26480082,6,0,0
26480082,7,4,4
26480082,8,0,6
26480082,9,0,1
26480081,1,1,5
26480081,2,0,1
26480081,3,1,0
26480081,4,0,2
26480081,5,0,1
26480081,6,0,1
26480081,7,0,2
26480081,8,2,3
26480086,1,2,1
26480086,2,0,0
26480086,3,6,2
26480086,4,0,5
26480086,5,0,0
26480086,6,0,0
26480086,7,4,0
26480086,8,4,0
26480086,9,0,0
26480084,1,3,0
26480084,2,0,0
26480084,3,1,2
26480084,4,0,2
26480084,5,0,0
26480084,6,3,3
26480084,7,0,3
26480084,8,0,0
26480084,9,2,0
26480085,1,0,1
26480085,2,0,3
26480085,3,2,0
26480085,4,1,4
26480085,5,0,0
26480085,6,3,2
26480085,7,6,0
26480085,8,1,4
26480089,1,1,3
26480089,2,0,2
26480089,3,0,2
26480089,4,2,1
26480089,5,1,0
26480089,6,0,0
26480089,7,6,0
26480089,8,0,4
26480089,9,1,2
26480087,1,0,0
26480087,2,0,0
26480087,3,0,0
26480087,4,0,0
26480087,5,0,0
26480087,6,0,0
26480087,7,0,0
26480087,8,0,0
26480087,9,0,0
26480088,1,1,0
26480088,2,0,0
26480088,3,3,0
26480088,4,3,0
26480088,5,1,1
26480088,6,4,3
26480088,7,0,0
26480088,8,0,0
26480088,9,0,1
26480160,1,5,0
26480160,2,6,0
26480160,3,1,3
26480160,4,3,0
26480160,5,0,0
26480160,6,4,1
26480160,7,0,1
26480160,8,6,1
26480160,9,0,3
26480161,1,1,2
26480161,2,6,0
26480161,3,1,0
26480161,4,0,2
26480161,5,0,0
26480161,6,3,3
26480161,7,1,5
26480161,8,0,1
26480159,1,1,0
26480159,2,4,1
26480159,3,0,1
26480159,4,0,0
26480159,5,0,1
26480159,6,2,0
26480159,7,0,6
26480159,8,2,7
26480165,1,4,3
26480165,2,3,1
26480165,3,2,2
26480165,4,0,0
26480165,5,1,0
26480165,6,0,0
26480165,7,0,2
26480166,1,0,0
26480166,2,0,0
26480166,3,0,3
26480166,4,1,5
26480166,5,0,2
26480166,6,1,1
26480166,7,1,1
26480166,8,5,6
26480164,1,2,2
26480164,2,1,3
26480164,3,0,2
26480164,4,1,2
26480164,5,0,0
26480164,6,0,2
26480164,7,0,0
26480164,8,6,0
26480164,9,1,1
26480176,1,6,0
26480176,2,2,0
26480176,3,0,1
26480176,4,4,0
26480176,5,4,0
26480176,6,3,0
26480175,1,0,2
26480175,2,1,0
26480175,3,0,4
26480175,4,3,1
26480175,5,1,1
26480175,6,1,0
26480175,7,3,0
26480175,8,5,2
26480174,1,2,0
26480174,2,0,1
26480174,3,1,1
26480174,4,2,0
26480174,5,0,6
26480174,6,0,0
26480174,7,0,3
26480177,1,0,3
26480177,2,0,0
26480177,3,6,2
26480177,4,0,0
26480177,5,3,0
26480177,6,0,1
26480177,7,4,3
26480177,8,0,0
26480178,1,2,3
26480178,2,1,1
26480178,3,1,3
26480178,4,1,0
26480178,5,3,6
26480178,6,2,5
26480178,7,0,0
26480179,1,5,1
26480179,2,1,2
26480179,3,0,3
26480179,4,0,3
26480179,5,2,1
26480179,6,0,1
26480179,7,2,0
26480179,8,0,1
26480180,1,1,2
26480180,2,6,6
26480180,3,1,0
26480180,4,1,0
26480180,5,3,0
26480180,6,2,0
26480180,7,0,5
26480180,8,2,6
26480182,1,6,1
26480182,2,2,1
26480182,3,0,2
26480182,4,0,0
26480182,5,0,0
26480182,6,0,1
26480182,7,2,6
26480182,8,1,0
26480182,9,0,9
26480181,1,3,0
26480181,2,0,0
26480181,3,2,4
26480181,4,1,0
26480181,5,0,0
26480181,6,1,0
26480181,7,1,2
26480181,8,0,0
26480181,9,0,0
26480199,1,3,3
26480199,2,6,0
26480199,3,0,0
26480199,4,0,0
26480199,5,0,0
26480199,6,0,0
26480199,7,6,0
26480199,8,0,0
26480199,9,0,0
26480198,1,0,3
26480198,2,6,2
26480198,3,6,1
26480198,4,0,3
26480198,5,4,0
26480198,6,0,1
26480198,7,0,0
26766205,1,5,3
26766205,2,0,1
26766205,3,1,1
26766205,4,0,0
26766205,5,0,0
26766205,6,0,0
26766205,7,0,6
26766205,8,1,0
26766205,9,4,0
26766205,10,0,4
26766207,1,0,2
26766207,2,2,1
26766207,3,5,5
26766207,4,5,0
26766207,5,4,0
26766207,6,5,0
26766207,7,3,0
26766207,8,0,0
26766206,1,4,0
26766206,2,0,2
26766206,3,4,0
26766206,4,0,0
26766206,5,0,0
26766206,6,0,3
26766206,7,0,0
26766206,8,4,0
26766206,9,0,0
26766211,1,0,3
26766211,2,1,0
26766211,3,1,2
26766211,4,2,0
26766211,5,3,3
26766211,6,1,0
26766211,7,5,1
26766211,8,3,0
26766211,9,0,1
26766212,1,3,2
26766212,2,0,0
26766212,3,0,2
26766212,4,1,2
26766212,5,0,6
26766212,6,0,1
26766212,7,0,0
26766212,8,0,0
26766212,9,2,2
26766213,1,3,1
26766213,2,2,0
26766213,3,2,0
26766213,4,0,0
26766213,5,4,0
26766213,6,0,1
26766213,7,0,2
26766213,8,0,0
26766213,9,0,0
26695752,1,4,0
26695752,2,0,2
26695752,3,4,0
26695752,4,0,0
26695752,5,0,0
26695752,6,0,3
26695752,7,0,0
26695752,8,4,0
26695752,9,0,0
26695754,1,0,2
26695754,2,2,1
26695754,3,5,5
26695754,4,5,0
26695754,5,4,0
26695754,6,5,0
26695754,7,3,0
26695754,8,0,0
26695753,1,5,3
26695753,2,0,1
26695753,3,1,1
26695753,4,0,0
26695753,5,0,0
26695753,6,0,0
26695753,7,0,6
26695753,8,1,0
26695753,9,4,0
26695753,10,0,4
26754234,1,0,3
26754234,2,1,0
26754234,3,1,2
26754234,4,2,0
26754234,5,3,3
26754234,6,1,0
26754234,7,5,1
26754234,8,3,0
26754234,9,0,0
26754233,1,3,2
26754233,2,0,0
26754233,3,0,2
26754233,4,1,2
26754233,5,0,6
26754233,6,0,1
26754233,7,0,0
26754233,8,0,0
26754233,9,2,2
28849516,1,5,5
28849516,2,0,2
28849516,3,1,5
28849516,4,0,0
28849516,5,0,1
28849516,6,4,1
28849516,7,1,4
28849516,8,0,3
28849518,1,5,3
28849518,2,1,0
28849518,3,3,0
28849518,4,0,2
28849518,5,2,3
28849518,6,0,0
28849518,7,3,0
28849518,8,0,0
28849518,9,0,3
28849517,1,1,3
28849517,2,0,0
28849517,3,4,3
28849517,4,4,5
28849517,5,1,1
28849517,6,5,0
28849517,7,5,0
28849517,8,0,0
28849522,1,0,4
28849522,2,2,0
28849522,3,0,1
28849522,4,2,1
28849522,5,0,1
28849522,6,3,0
28849522,7,3,0
28849522,8,1,3
28849520,1,2,1
28849520,2,0,0
28849520,3,0,1
28849520,4,2,5
28849520,5,0,0
28849520,6,2,0
28849520,7,0,0
28849520,8,2,0
28849521,1,1,3
28849521,2,0,0
28849521,3,1,1
28849521,4,1,3
28849521,5,0,0
28849521,6,0,3
28849521,7,0,0
28849521,8,0,0
28849521,9,8,0
28849527,1,0,3
28849527,2,5,0
28849527,3,0,1
28849527,4,1,3
28849527,5,0,1
28849527,6,1,1
28849527,7,3,2
28849528,1,0,4
28849528,2,0,1
28849528,3,0,3
28849528,4,0,3
28849528,5,2,1
28849528,6,0,4
28849528,7,5,5
28849528,8,2,3
28849526,1,0,1
28849526,2,2,3
28849526,3,0,2
28849526,4,0,5
28849526,5,0,0
28849526,6,1,0
28849526,7,0,3
28849526,8,1,0
28849526,9,2,0
28849531,1,0,0
28849531,2,0,1
28849531,3,2,0
28849531,4,3,0
28849531,5,0,2
28849531,6,1,5
28849531,7,0,4
28849531,8,0,0
28849529,1,5,5
28849529,2,5,0
28849529,3,6,5
28849529,4,0,1
28849529,5,0,0
28849529,6,0,3
28849529,7,5,0
28849529,8,0,0
28849530,1,3,1
28849530,2,1,0
28849530,3,2,0
28849530,4,4,1
28849530,5,3,0
28849530,6,0,0
28849530,7,5,5
28849530,8,0,0
28849533,1,3,1
28849533,2,2,0
28849533,3,3,1
28849533,4,0,0
28849533,5,0,0
28849533,6,0,2
28849533,7,0,0
28849534,1,3,0
28849534,2,3,0
28849534,3,5,0
28849534,4,0,0
28849534,5,0,0
28849534,6,0,0
28849534,7,5,0
28849534,8,0,0
28849532,1,5,3
28849532,2,2,1
28849532,3,0,2
28849532,4,2,1
28849532,5,0,1
28849532,6,4,0
28849532,7,0,4
28849536,1,1,0
28849536,2,0,5
28849536,3,3,0
28849536,4,1,1
28849536,5,0,4
29066100,1,3,1
29066100,2,0,0
29066100,3,0,2
29066100,4,0,0
29066100,5,2,2
28849537,1,0,1
28849537,2,0,5
28849537,3,0,0
28849537,4,2,0
28849537,5,0,4
28849537,6,2,0
28849537,7,3,2
28849537,8,5,0
28849537,9,0,2
28849538,1,1,0
28849538,2,0,1
28849538,3,2,5
28849538,4,5,5
28849538,5,5,4
28849538,6,5,1
28849538,7,0,0
28849539,1,0,3
28849539,2,0,1
28849539,3,4,0
28849539,4,5,3
28849539,5,5,0
28849539,6,0,3
28849539,7,1,0
28849539,8,0,5
28849548,1,2,0
28849548,2,1,1
28849548,3,1,5
28849548,4,1,1
28849548,5,0,3
28849548,6,1,0
28849548,7,0,0
28849548,8,2,0
28849548,9,0,5
28849547,1,2,2
28849547,2,0,3
28849547,3,1,4
28849547,4,1,2
28849547,5,0,0
28849547,6,4,0
28849547,7,1,0
28849547,8,1,0
28849546,1,3,0
28849546,2,4,3
28849546,3,1,0
28849546,4,3,1
28849546,5,5,5
28849546,6,4,1
28849546,7,0,6
28849554,1,3,4
28849554,2,1,0
28849554,3,0,1
28849554,4,0,0
28849554,5,1,0
28849554,6,1,1
28849553,1,4,3
28849553,2,5,0
28849553,3,4,0
28849553,4,2,0
28849553,5,0,0
28849555,1,1,4
28849555,2,5,0
28849555,3,1,1
28849555,4,3,0
28849555,5,0,3
28849557,1,3,4
28849557,2,0,0
28849557,3,2,2
28849557,4,0,1
28849557,5,3,2
28849557,6,0,0
28849557,7,4,5
28849557,8,2,3
28849558,1,2,0
28849558,2,1,0
28849558,3,0,1
28849558,4,1,0
28849558,5,1,1
28849558,6,5,0
28849558,7,1,2
28849558,8,0,3
28849559,1,2,2
28849559,2,0,5
28849559,3,1,0
28849559,4,0,5
28849559,5,0,1
28849559,6,0,1
28849559,7,0,1
28849559,8,1,1
28849563,1,0,3
28849563,2,4,3
28849563,3,1,0
28849563,4,1,5
28849563,5,1,2
28849563,6,0,0
28849563,7,2,0
28849563,8,1,0
28849563,9,4,0
28849561,1,3,5
28849561,2,0,5
28849561,3,1,4
28849561,4,0,5
28849561,5,0,4
28849561,6,0,0
28849561,7,2,1
28849561,8,4,4
28849562,1,1,3
28849562,2,2,1
28849562,3,2,2
28849562,4,0,5
28849562,5,1,5
28849562,6,2,3
28849562,7,0,0
28849562,8,0,1
29113735,1,0,0
29113735,2,1,0
29113735,3,0,0
29113735,4,0,0
29113735,5,4,2
29113735,6,1,5
29113735,7,3,1
29113735,8,2,1
29113735,9,1,2
29113736,1,4,0
29113736,2,0,1
29113736,3,5,1
29113736,4,0,4
29113736,5,0,3
29113736,6,2,2
29113736,7,5,0
29113736,8,2,0
29113736,9,0,0
29205715,1,3,5
29205715,2,0,0
29205715,3,0,0
29205715,4,0,3
29205715,5,0,2
29205715,6,5,0
29205715,7,0,2
29205715,8,0,3
29205715,9,5,2
29205719,1,2,1
29205719,2,1,0
29205719,3,1,4
29205719,4,4,0
29205719,5,4,2
29205719,6,5,1
29205719,7,0,2
29205719,8,0,3
29205719,9,0,1
29237785,1,1,2
29237785,2,4,0
29237785,3,0,1
29237785,4,1,0
29237785,5,0,0
29237785,6,0,2
29237785,7,3,0
29237785,8,2,4
29237785,9,1,2
29720968,1,4,0
29720968,2,1,1
29720968,3,1,0
29720968,4,0,1
29720968,5,0,0
29720968,6,1,0
29720968,7,4,3
29720968,8,3,4
29720969,1,3,4
29720969,2,2,1
29720969,3,5,5
29720969,4,5,1
29720969,5,0,3
29720969,6,3,0
29720970,1,1,0
29720970,2,0,0
29720970,3,0,3
29720970,4,1,0
29720970,5,0,1
29720970,6,2,2
29720970,7,5,0
29720970,8,2,0
29720970,9,0,2
29769420,1,3,0
29769420,2,0,0
29769420,3,0,5
29769420,4,4,0
29769420,5,0,4
29769420,6,4,3
29769420,7,0,1
29769420,8,0,3
29769422,1,3,0
29769422,2,0,2
29769422,3,1,4
29769422,4,1,1
29769422,5,0,1
29769422,6,3,0
29769422,7,4,1
29769422,8,0,5
29769421,1,0,1
29769421,2,1,0
29769421,3,0,4
29769421,4,0,5
29769421,5,1,5
29769421,6,0,0
29769421,7,3,0
29769421,8,0,0
29769421,9,0,0
29720978,1,4,0
29720978,2,0,0
29720978,3,1,1
29720978,4,0,0
29720978,5,1,0
29720978,6,0,0
29720978,7,0,0
29720978,8,2,5
29720978,9,0,1
29720976,1,1,2
29720976,2,0,1
29720976,3,0,2
29720976,4,5,0
29720976,5,0,0
29720976,6,0,5
29720976,7,2,2
29720976,8,2,0
29720974,1,1,2
29720974,2,0,1
29720974,3,1,1
29720974,4,1,0
29720974,5,5,0
29720974,6,2,3
29720974,7,5,3
29720974,8,0,0
29720995,1,2,2
29720995,2,4,0
29720995,3,0,1
29720995,4,5,1
29720995,5,1,0
29720995,6,0,1
29720995,7,0,0
29720995,8,0,0
29720996,1,0,1
29720996,2,0,3
29720996,3,0,4
29720996,4,0,3
29720996,5,0,4
29720996,6,0,4
29720996,7,4,5
29720996,8,0,2
29720997,1,2,2
29720997,2,5,2
29720997,3,2,5
29720997,4,3,0
29720997,5,0,5
29720997,6,0,0
29720997,7,1,0
29720997,8,1,2
29721001,1,2,1
29721001,2,0,3
29721001,3,1,1
29721001,4,3,0
29721001,5,0,0
29721001,6,3,0
29721001,7,5,2
29721001,8,0,0
29721001,9,0,1
29721003,1,4,5
29721003,2,0,0
29721003,3,0,1
29721003,4,3,4
29721003,5,0,0
29721003,6,0,1
29721003,7,5,0
29721003,8,0,0
29721003,9,0,0
29721002,1,2,0
29721002,2,0,0
29721002,3,0,3
29721002,4,4,0
29721002,5,1,4
29721002,6,0,2
29721002,7,0,3
29721002,8,0,0
29721002,9,2,1
29721007,1,0,5
29721007,2,0,0
29721007,3,1,0
29721007,4,0,3
29721007,5,0,4
29721007,6,0,4
29721007,7,0,1
29721007,8,1,5
29721007,9,0,0
29721006,1,4,1
29721006,2,0,0
29721006,3,1,0
29721006,4,0,0
29721006,5,4,3
29721006,6,0,1
29721006,7,1,0
29721006,8,0,5
29721006,9,0,1
29721005,1,1,0
29721005,2,3,0
29721005,3,4,0
29721005,4,0,1
29721005,5,3,0
29721005,6,6,3
29721005,7,0,5
29721005,8,0,0
29721005,9,0,4
29721010,1,2,0
29721010,2,0,0
29721010,3,2,0
29721010,4,1,2
29721010,5,0,3
29721010,6,0,1
29721010,7,0,0
29721010,8,0,5
29721010,9,1,5
29721012,1,0,1
29721012,2,0,2
29721012,3,0,1
29721012,4,0,1
29721012,5,0,0
29721012,6,0,2
29721012,7,0,0
29721012,8,0,1
29721012,9,0,0
29721011,1,2,0
29721011,2,0,2
29721011,3,0,1
29721011,4,0,0
29721011,5,0,1
29721011,6,3,5
29721011,7,0,2
29721011,8,2,2
29721011,9,1,1
29721015,1,2,2
29721015,2,0,0
29721015,3,2,0
29721015,4,5,0
29721015,5,0,0
29721015,6,0,5
29721015,7,1,0
29721015,8,0,1
29721016,1,0,1
29721016,2,5,0
29721016,3,0,0
29721016,4,4,0
29721016,5,0,0
29721016,6,5,0
29721016,7,5,0
29721016,8,0,1
29721016,9,0,2
29721014,1,1,1
29721014,2,0,2
29721014,3,1,0
29721014,4,1,1
29721014,5,3,0
29721014,6,4,3
29721014,7,0,3
29721018,1,4,0
29721018,2,0,0
29721018,3,5,0
29721018,4,5,5
29721018,5,3,0
29721018,6,3,1
29721018,7,0,0
29721018,8,0,4
29721018,9,0,0
29721020,1,0,3
29721020,2,0,0
29721020,3,3,0
29721020,4,1,0
29721020,5,0,0
29721020,6,5,0
29721020,7,5,5
29721020,8,4,2
29721019,1,3,3
29721019,2,1,0
29721019,3,2,1
29721019,4,3,3
29721019,5,3,0
29721019,6,0,1
29721019,7,0,2
29721019,8,1,2
29725930,1,2,0
29725930,2,0,0
29725930,3,0,0
29725930,4,1,3
29725930,5,0,0
29725930,6,2,4
29725930,7,0,1
29725930,8,2,0
29725930,9,0,0
29725929,1,0,4
29725929,2,0,2
29725929,3,1,5
29725929,4,1,0
29725929,5,0,2
29725929,6,1,1
29725929,7,2,1
29725929,8,4,0
29725931,1,1,3
29725931,2,1,1
29725931,3,0,0
29725931,4,0,0
29725931,5,0,5
29725931,6,3,0
29725931,7,2,4
29725931,8,0,0
29923941,1,5,4
29923941,2,5,3
29923941,3,0,0
29923941,4,2,0
29923941,5,0,1
29923941,6,0,0
29923942,1,0,3
29923942,2,1,5
29923942,3,0,0
29923942,4,2,0
29923942,5,3,0
29923942,6,5,0
29923942,7,4,2
29923943,1,2,4
29923943,2,0,3
29923943,3,1,0
29923943,4,4,5
29923943,5,1,0
29923943,6,0,0
29885565,1,1,2
29885565,2,0,3
29885565,3,0,4
29885565,4,0,0
29885565,5,0,0
29885565,6,1,1
29885565,7,3,2
29885565,8,2,3
29885565,9,0,0
29885567,1,4,2
29885567,2,1,1
29885567,3,1,4
29885567,4,0,2
29885567,5,1,0
29885567,6,0,1
29885567,7,4,0
29885567,8,2,0
29885567,9,0,0
29885566,1,1,0
29885566,2,2,0
29885566,3,0,1
29885566,4,0,2
29885566,5,0,0
29885566,6,0,0
29885566,7,5,0
29885566,8,0,0
29885566,9,1,0
29924022,1,1,3
29924022,2,0,1
29924022,3,0,5
29924022,4,0,1
29924022,5,0,5
29924022,6,0,3
29924022,7,3,3
29924022,8,0,1
29924020,1,0,5
29924020,2,3,4
29924020,3,2,0
29924020,4,0,1
29924020,5,3,3
29924020,6,0,1
29924020,7,1,0
29924020,8,0,0
29924020,9,0,0
29924021,1,3,4
29924021,2,1,1
29924021,3,2,2
29924021,4,1,3
29924021,5,1,2
29924021,6,4,3
29924021,7,0,5
29924021,8,5,3
29924021,9,0,0
29924039,1,3,0
29924039,2,0,1
29924039,3,1,0
29924039,4,2,0
29924039,5,0,0
29924039,6,0,1
29924039,7,0,5
29924039,8,1,0
29924039,9,0,0
29924040,1,2,1
29924040,2,0,2
29924040,3,3,0
29924040,4,1,0
29924040,5,0,2
29924040,6,0,1
29924038,1,0,3
29924038,2,0,1
29924038,3,0,3
29924038,4,0,4
29924038,5,0,2
29924038,6,1,5
29924038,7,3,1
29924038,8,0,1
29924038,9,2,0
30010636,1,0,0
30010636,2,0,0
30010636,3,0,0
30010636,4,0,0
30010636,5,0,0
30010636,6,0,0
30010636,7,0,0
30010636,8,0,0
30010636,9,0,0
30010637,1,0,0
30010637,2,0,0
30010637,3,0,0
30010637,4,0,0
30010637,5,0,0
30010637,6,0,0
30010637,7,0,0
30010637,8,0,0
30010637,9,0,0
30010638,1,0,0
30010638,2,0,0
30010638,3,0,0
30010638,4,0,0
30010638,5,0,0
30010638,6,0,0
30010638,7,0,0
30010638,8,0,0
30010638,9,0,0
30010640,1,0,0
30010640,2,0,0
30010640,3,0,0
30010640,4,0,0
30010640,5,0,0
30010640,6,0,0
30010640,7,0,0
30010640,8,0,0
30010640,9,0,0
30010639,1,0,0
30010639,2,0,0
30010639,3,0,0
30010639,4,0,0
30010639,5,0,0
30010639,6,0,0
30010639,7,0,0
30010639,8,0,0
30010639,9,0,0
30010639,10,0,0
30524141,1,1,0
30524141,2,1,1
30524141,3,4,1
30524141,4,2,1
30524141,5,0,2
30524141,6,3,4
30524141,7,5,0
30524141,8,0,5
30524141,9,0,0
30524153,1,0,3
30524153,2,1,0
30524153,3,0,1
30524153,4,1,0
30524153,5,2,0
30524153,6,2,0
30524153,7,0,0
30524153,8,1,2
30524153,9,0,0
30524143,1,4,5
30524143,2,0,1
30524143,3,0,2
30524143,4,0,4
30524143,5,0,2
30524143,6,2,2
30524143,7,2,0
30524143,8,1,0
30524143,9,0,0
30524150,1,3,1
30524150,2,1,0
30524150,3,0,1
30524150,4,1,0
30524150,5,0,0
30524150,6,0,3
30524150,7,0,1
30524150,8,1,5
30524150,9,0,0
30524164,1,2,5
30524164,2,1,2
30524164,3,0,0
30524164,4,0,4
30524164,5,0,3
30524164,6,0,5
30524164,7,0,0
30524164,8,0,0
30524164,9,0,0
30524151,1,5,1
30524151,2,0,0
30524151,3,0,2
30524151,4,3,3
30524151,5,5,0
30524151,6,5,2
30524151,7,4,4
30524151,8,2,0
30524151,9,0,0
30569227,1,3,1
30569227,2,1,5
30569227,3,0,0
30569227,4,1,1
30569227,5,2,5
30569227,6,0,0
30569227,7,1,0
30569227,8,1,0
30569227,9,0,1
30569228,1,5,4
30569228,2,0,0
30569228,3,5,4
30569228,4,2,3
30569228,5,5,0
30569228,6,5,3
30569228,7,1,6
30573328,1,1,4
30573328,2,2,0
30573328,3,2,2
30573328,4,0,0
30573328,5,5,3
30573328,6,1,1
30573328,7,0,3
30573328,8,2,0
30573328,9,2,1
30579288,1,1,2
30579288,2,2,3
30579288,3,1,0
30579288,4,1,2
30579288,5,0,1
30579288,6,5,3
30579288,7,3,2
30579288,8,4,2
30579289,1,0,3
30579289,2,0,4
30579289,3,0,5
30579289,4,0,5
30579289,5,0,1
30579289,6,0,0
30579289,7,5,0
30579289,8,0,1
30579289,9,0,8
30584686,1,1,3
30584686,2,1,4
30584686,3,0,0
30584686,4,0,0
30584686,5,4,2
30584686,6,5,1
30584686,7,0,0
30584686,8,0,0
30584686,9,2,2
30584694,1,0,1
30584694,2,0,1
30584694,3,0,0
30584694,4,4,1
30584694,5,2,3
30584694,6,3,0
30584694,7,2,0
30584694,8,0,2
30584694,9,0,1
30584688,1,2,3
30584688,2,5,0
30584688,3,2,2
30584688,4,0,0
30584688,5,0,4
30584688,6,2,0
30584688,7,0,0
30584688,8,2,0
30584688,9,0,0
30584689,1,0,4
30584689,2,0,3
30584689,3,5,0
30584689,4,0,1
30584689,5,1,0
30584689,6,2,1
30584689,7,2,1
30584689,8,3,2
30584689,9,2,4
30600333,1,0,1
30600333,2,0,2
30600333,3,0,1
30600333,4,0,1
30600333,5,0,0
30600333,6,1,0
30600333,7,0,2
30600333,8,0,1
30600333,9,0,0
30600330,1,4,0
30600330,2,2,3
30600330,3,3,5
30600330,4,2,0
30600330,5,0,0
30600330,6,0,0
30600330,7,0,1
30600330,8,2,0
30600330,9,0,0
30600334,1,0,2
30600334,2,2,0
30600334,3,0,5
30600334,4,0,0
30600334,5,2,2
30600334,6,1,2
30600334,7,0,0
30600334,8,1,0
30600334,9,0,0
30600331,1,3,4
30600331,2,0,0
30600331,3,2,3
30600331,4,2,3
30600331,5,2,2
30600331,6,3,0
30600331,7,0,1
30600331,8,0,0
30600339,1,3,5
30600339,2,0,0
30600339,3,1,0
30600339,4,0,5
30600339,5,1,0
30600339,6,2,1
30600339,7,0,0
30600339,8,0,0
30600339,9,0,0
30600338,1,1,3
30600338,2,3,3
30600338,3,0,0
30600338,4,0,5
30600338,5,2,0
30600338,6,2,5
30600338,7,2,2
30600338,8,2,1
30600332,1,5,0
30600332,2,1,1
30600332,3,0,1
30600332,4,1,2
30600332,5,0,0
30600332,6,2,2
30600332,7,0,0
30600332,8,0,0
30600332,9,0,0
30600336,1,0,4
30600336,2,0,4
30600336,3,0,0
30600336,4,0,2
30600336,5,0,1
30600336,6,0,3
30600336,7,0,0
30600336,8,0,0
30600340,1,0,0
30600340,2,0,0
30600340,3,0,0
30600340,4,0,0
30600340,5,0,0
30600340,6,0,0
30600340,7,0,0
30600340,8,0,0
30996054,1,1,1
30996054,2,2,2
30996054,3,0,2
30996054,4,0,2
30996054,5,0,0
30996054,6,4,0
30996054,7,3,2
30996054,8,1,1
30996055,1,0,0
30996055,2,1,0
30996055,3,0,0
30996055,4,6,2
30996055,5,0,0
30996055,6,1,0
30996055,7,4,0
30996055,8,5,0
30996055,9,0,0
30996056,1,1,1
30996056,2,0,0
30996056,3,0,0
30996056,4,3,4
30996056,5,0,0
30996056,6,0,3
30996056,7,3,0
30996056,8,0,4
30996056,9,0,1
30996059,1,5,1
30996059,2,5,0
30996059,3,0,0
30996059,4,0,4
30996059,5,1,0
30996059,6,2,2
30996059,7,1,1
30996059,8,0,0
30996059,9,0,0
30996057,1,0,0
30996057,2,0,0
30996057,3,0,0
30996057,4,0,0
30996057,5,0,0
30996057,6,0,0
30996057,7,0,0
30996057,8,0,0
30996057,9,0,0
30996058,1,0,0
30996058,2,0,0
30996058,3,0,0
30996058,4,0,0
30996058,5,0,0
30996058,6,0,0
30996058,7,0,0
30996058,8,0,0
30996060,1,3,0
30996060,2,5,0
30996060,3,3,4
30996060,4,1,0
30996060,5,0,0
30996060,6,1,0
30996060,7,0,0
30996060,8,0,5
30996060,9,0,0
30996062,1,4,0
30996062,2,3,2
30996062,3,0,0
30996062,4,3,0
30996062,5,0,0
30996062,6,1,5
30996062,7,5,0
30996062,8,2,0
30996062,9,1,2
31183945,1,3,4
31183945,2,3,5
31183945,3,1,2
31183945,4,0,5
31183945,5,3,0
31183945,6,1,2
31183945,7,4,1
31183945,8,0,4
31183947,1,1,0
31183947,2,1,0
31183947,3,0,0
31183947,4,0,0
31183947,5,0,0
31183947,6,1,0
31183947,7,2,0
31183947,8,0,0
31183947,9,0,0
31183946,1,1,1
31183946,2,0,0
31183946,3,5,0
31183946,4,0,3
31183946,5,0,5
31183946,6,0,0
31183946,7,1,0
31183946,8,2,0
31183946,9,1,4
30996045,1,2,5
30996045,2,0,0
30996045,3,1,5
30996045,4,0,1
30996045,5,2,3
30996045,6,0,5
30996045,7,2,3
30996047,1,2,2
30996047,2,0,5
30996047,3,2,0
30996047,4,0,4
30996047,5,0,5
30996047,6,0,5
30996047,7,3,0
30996047,8,5,0
30996047,9,6,6
30996046,1,5,2
30996046,2,0,0
30996046,3,0,0
30996046,4,3,4
30996046,5,0,1
30996046,6,2,0
30996046,7,5,0
30996046,8,5,0
30996046,9,0,1
30996070,1,1,0
30996070,2,0,0
30996070,3,0,0
30996070,4,0,1
30996070,5,0,5
30996070,6,0,0
30996070,7,5,1
30996070,8,1,0
30996070,9,0,0
30996071,1,5,0
30996071,2,1,0
30996071,3,5,1
30996071,4,0,3
30996071,5,2,5
30996071,6,2,3
30996071,7,5,1
30996071,8,1,1
30996069,1,3,1
30996069,2,0,1
30996069,3,0,3
30996069,4,3,5
30996069,5,3,2
30996069,6,5,0
30996069,7,0,5
30996069,8,0,0
30996073,1,3,2
30996073,2,5,0
30996073,3,1,4
30996073,4,2,0
30996073,5,1,0
30996073,6,0,1
30996073,7,1,0
30996073,8,2,4
30996073,9,0,1
30996072,1,0,5
30996072,2,1,1
30996072,3,0,1
30996072,4,5,3
30996072,5,5,2
30996072,6,1,4
30996072,7,4,5
30996072,8,0,2
30996072,9,1,0
30996074,1,0,1
30996074,2,1,0
30996074,3,0,3
30996074,4,1,0
30996074,5,4,2
30996074,6,1,3
30996074,7,4,0
30996074,8,0,3
30996051,1,3,2
30996051,2,0,1
30996051,3,0,4
30996051,4,0,2
30996052,1,2,3
30996052,2,0,1
30996052,3,3,3
30996052,4,4,4
30996052,5,0,1
30996053,1,1,3
30996053,2,0,3
30996053,3,0,4
30996053,4,4,0
30996053,5,4,1
30996053,6,0,0
30996053,7,0,5
30996076,1,5,1
30996076,2,5,0
30996076,3,0,0
30996076,4,0,1
30996076,5,2,3
30996076,6,1,0
30996076,7,1,0
30996076,8,1,0
30996077,1,5,1
30996077,2,4,5
30996077,3,1,3
30996077,4,0,2
30996077,5,0,0
30996077,6,0,0
30996077,7,4,0
30996077,8,0,5
30996077,9,0,4
30996075,1,0,0
30996075,2,5,0
30996075,3,3,2
30996075,4,4,0
30996075,5,2,2
30996075,6,0,0
30996075,7,0,0
30996075,8,5,1
30996075,9,0,3
30996082,1,3,2
30996082,2,1,0
30996082,3,0,1
30996082,4,3,0
30996082,5,0,0
30996082,6,0,0
30996082,7,2,0
30996082,8,1,0
30996082,9,6,12
30996083,1,1,2
30996083,2,1,0
30996083,3,0,0
30996083,4,1,1
30996083,5,0,0
30996083,6,0,1
30996083,7,1,5
30996083,8,0,0
30996083,9,0,0
30996081,1,2,5
30996081,2,2,5
30996081,3,0,0
30996081,4,3,0
30996081,5,0,1
30996081,6,0,5
30996081,7,0,5
30996081,8,5,3
31312627,1,0,0
31312627,2,0,0
31312627,3,0,0
31312627,4,0,0
31312627,5,0,0
31312627,6,0,0
31312627,7,0,0
31312627,8,0,0
31312627,9,0,0
31312617,1,0,0
31312617,2,0,0
31312617,3,0,0
31312617,4,0,0
31312617,5,0,0
31312617,6,0,0
31312617,7,0,0
31312617,8,0,0
31312617,9,0,0
31296761,1,0,0
31296761,2,3,0
31296761,3,0,0
31296761,4,2,0
31296761,5,0,2
31296761,6,3,4
31296761,7,0,3
31296761,8,0,0
31296761,9,0,2
31296760,1,4,0
31296760,2,0,0
31296760,3,0,0
31296760,4,3,0
31296760,5,0,0
31296760,6,0,1
31296760,7,0,5
31296760,8,1,4
31296760,9,1,2
31296762,1,3,5
31296762,2,0,1
31296762,3,2,0
31296762,4,1,2
31296762,5,3,3
31296762,6,5,1
31296762,7,2,0
31296762,8,1,0
31296762,9,0,0
31312627,1,0,0
31312627,2,0,0
31312627,3,0,0
31312627,4,0,0
31312627,5,0,0
31312627,6,0,0
31312627,7,0,0
31312627,8,0,0
31312627,9,0,0
31312617,1,0,0
31312617,2,0,0
31312617,3,0,0
31312617,4,0,0
31312617,5,0,0
31312617,6,0,0
31312617,7,0,0
31312617,8,0,0
31312617,9,0,0
31320226,1,0,0
31320226,2,0,0
31320226,3,0,0
31320226,4,0,0
31320226,5,0,0
31320226,6,0,0
31320226,7,0,0
31320226,8,0,0
31320226,9,0,0
