Sort,Article ID,Title,Last Updated,New Article
,2157057,Registration for the 2026 season is now officially closed!,3/23/2026 2:28:00 PM,EditArchiveDeleteLink
,2156043,"Indoor Training Sessions - Starting February 21, 2026",2/20/2026 10:41:00 PM,EditArchiveDeleteLink
,2153780,Annual General Meeting this Saturday!,11/25/2025 11:21:00 PM,EditArchiveDeleteLink
,2152242,🏆 Blue Jays Crowned 2025 HOBO Champions After Epic 9th-Inning Comeback,9/26/2025 2:14:00 PM,EditArchiveDeleteLink
,2151993,HOBO 2025 Finals,9/20/2025 9:41:00 AM,EditArchiveDeleteLink
,2151827,🏆 HOBO 2025 Finals Announcement 🏆,9/16/2025 10:03:00 AM,EditArchiveDeleteLink
,2151648,📣 Playoff Baseball ? Week 2: Semi-Finals! ⚾🔥,9/11/2025 5:49:00 PM,EditArchiveDeleteLink
,2151350,Weekend Notes,9/5/2025 8:11:00 PM,EditArchiveDeleteLink
,2151269,📣 Playoff Baseball is Here! ⚾🔥,9/4/2025 11:41:00 AM,EditArchiveDeleteLink
,2146694,HOBO Rules,5/22/2025 8:39:00 PM,EditArchiveDeleteLink
,2130451,Check the website before each game,5/22/2025 8:29:00 PM,EditArchiveDeleteLink
